hash	dist	angle	res1_ind	res2_ind	res1	res2	pdb	res_pair
3901	15	61	34	224	SER	ASP	1uk7.pdb	SER_ASP
3132	12	60	34	252	SER	HIS	1uk7.pdb	SER_HIS
1378	5	98	224	252	ASP	HIS	1uk7.pdb	ASP_HIS
2953	11	137	90	175	SER	ASP	1bs9.pdb	SER_ASP
2123	8	75	90	187	SER	HIS	1bs9.pdb	SER_HIS
1394	5	114	175	187	ASP	HIS	1bs9.pdb	ASP_HIS
2949	11	133	80	207	SER	ASP	1sc9.pdb	SER_ASP
2105	8	57	80	235	SER	HIS	1sc9.pdb	SER_HIS
1368	5	88	207	235	ASP	HIS	1sc9.pdb	ASP_HIS
3417	13	89	47	192	SER	ASP	1wab.pdb	SER_ASP
2117	8	69	47	195	SER	HIS	1wab.pdb	SER_HIS
1572	6	36	192	195	ASP	HIS	1wab.pdb	ASP_HIS
2687	10	127	117	259	SER	ASP	1ju3.pdb	SER_ASP
2138	8	90	117	287	SER	HIS	1ju3.pdb	SER_HIS
1390	5	110	259	287	ASP	HIS	1ju3.pdb	ASP_HIS
1887	7	95	61	75	ASP	HIS	1okg.pdb	ASP_HIS
2849	11	33	61	255	ASP	SER	1okg.pdb	SER_ASP
1371	5	91	75	255	HIS	SER	1okg.pdb	SER_HIS
2614	10	54	232	250	HIS	SER	1aq2.pdb	SER_HIS
1597	6	61	232	269	HIS	ASP	1aq2.pdb	ASP_HIS
2584	10	24	250	269	SER	ASP	1aq2.pdb	SER_ASP
2686	10	126	169	276	SER	ASP	2o7r.pdb	SER_ASP
2145	8	97	169	306	SER	HIS	2o7r.pdb	SER_HIS
1385	5	105	276	306	ASP	HIS	2o7r.pdb	ASP_HIS
2949	11	133	554	641	SER	ASP	1qfm.pdb	SER_ASP
2107	8	59	554	680	SER	HIS	1qfm.pdb	SER_HIS
1386	5	106	641	680	ASP	HIS	1qfm.pdb	ASP_HIS