O15391	202.26442	19	4	11	11	8	1	372	52.505104	0	{2: 10, 1: 7, 3: 10, 0: 11}	{(3, 0): 3, (2, 1): 2, (0, 3): 3, (0, 2): 2, (2, 0): 2, (3, 1): 1, (1, 3): 1, (1, 2): 2, (2, 3): 1, (3, 2): 1, (1, 0): 1}	{}	{}
P36508	186.86603	19	4	11	11	8	1	570	58.650665	0	{0: 9, 1: 7, 3: 12, 2: 10}	{(3, 0): 3, (1, 2): 2, (1, 3): 1, (1, 0): 1, (2, 1): 2, (0, 2): 1, (0, 3): 3, (3, 1): 1, (2, 3): 2, (3, 2): 2, (2, 0): 1}	{}	{}
Q8N9L1	177.53156	17	4	11	7	6	1	334	58.04468	0	{2: 10, 3: 8, 0: 9, 1: 7}	{(2, 3): 1, (3, 0): 2, (3, 2): 1, (1, 3): 1, (0, 3): 2, (1, 0): 1, (1, 2): 2, (2, 0): 2, (3, 1): 1, (2, 1): 2, (0, 2): 2}	{}	{}
P25490	173.78062	17	4	11	9	6	1	414	49.91298	0	{0: 11, 2: 8, 1: 5, 3: 10}	{(2, 3): 1, (1, 0): 1, (0, 3): 3, (3, 0): 3, (2, 0): 2, (3, 1): 1, (3, 2): 1, (0, 2): 2, (1, 3): 1, (1, 2): 1, (2, 1): 1}	{}	{}
Q13129	162.6108	19	4	11	9	8	1	1914	56.059597	0	{1: 9, 2: 10, 3: 10, 0: 9}	{(0, 2): 1, (3, 1): 1, (2, 1): 3, (1, 0): 1, (3, 2): 1, (1, 2): 3, (1, 3): 1, (3, 0): 3, (2, 3): 1, (0, 3): 3, (2, 0): 1}	{}	{}
Q96JP5	159.02585	17	4	11	9	6	1	570	50.96343	0	{3: 10, 0: 7, 2: 10, 1: 7}	{(2, 3): 2, (2, 1): 2, (1, 3): 1, (1, 2): 2, (3, 0): 2, (0, 2): 1, (1, 0): 1, (0, 3): 2, (2, 0): 1, (3, 1): 1, (3, 2): 2}	{}	{}
O60281	157.06468	19	4	11	9	8	1	1400	58.99115	0	{1: 5, 3: 12, 0: 11, 2: 10}	{(1, 2): 1, (1, 0): 1, (3, 2): 2, (1, 3): 1, (0, 2): 2, (2, 0): 2, (2, 1): 1, (0, 3): 3, (3, 0): 3, (2, 3): 2, (3, 1): 1}	{}	{}
P52746	155.50461	19	4	11	9	8	1	1687	59.557358	0	{0: 9, 2: 10, 1: 7, 3: 12}	{(2, 0): 1, (3, 0): 3, (0, 3): 3, (1, 0): 1, (3, 1): 1, (0, 2): 1, (2, 3): 2, (2, 1): 2, (1, 2): 2, (1, 3): 1, (3, 2): 2}	{}	{}
Q96T25	155.49947	17	4	11	7	6	1	663	49.25786	0	{2: 10, 1: 7, 0: 7, 3: 10}	{(0, 3): 2, (2, 1): 2, (3, 0): 2, (3, 1): 1, (1, 3): 1, (3, 2): 2, (1, 0): 1, (0, 2): 1, (1, 2): 2, (2, 0): 1, (2, 3): 2}	{}	{}
O95409	150.1575	15	4	9	7	6	1	532	50.294872	0	{0: 9, 2: 8, 3: 6, 1: 7}	{(2, 1): 2, (0, 3): 2, (3, 0): 2, (1, 0): 1, (3, 1): 1, (1, 2): 2, (0, 2): 2, (2, 0): 2, (1, 3): 1}	{}	{}
Q92664	149.21286	15	4	9	9	6	1	365	71.257484	0	{0: 5, 1: 7, 2: 8, 3: 10}	{(1, 2): 2, (2, 3): 2, (2, 1): 2, (3, 1): 1, (3, 2): 2, (1, 3): 1, (1, 0): 1, (3, 0): 2, (0, 3): 2}	{}	{}
Q96MM3	141.75052	13	4	11	9	2	1	310	57.23776	0	{3: 8, 1: 5, 2: 6, 0: 7}	{(1, 0): 1, (0, 3): 2, (2, 3): 1, (3, 2): 1, (0, 2): 1, (1, 3): 1, (2, 1): 1, (3, 0): 2, (2, 0): 1, (1, 2): 1, (3, 1): 1}	{}	{}
P98169	141.37396	15	4	11	7	4	1	803	53.30835	0	{0: 7, 1: 7, 2: 10, 3: 6}	{(0, 2): 2, (0, 3): 1, (2, 1): 2, (1, 3): 1, (1, 0): 1, (2, 0): 2, (3, 1): 1, (3, 0): 1, (2, 3): 1, (3, 2): 1, (1, 2): 2}	{}	{}
P52747	140.72595	15	4	11	7	4	1	638	50.174458	0	{0: 7, 2: 8, 1: 7, 3: 8}	{(2, 3): 1, (1, 2): 2, (2, 1): 2, (3, 0): 2, (1, 3): 1, (1, 0): 1, (0, 3): 2, (2, 0): 1, (3, 1): 1, (0, 2): 1, (3, 2): 1}	{}	{}
Q9BU19	140.64915	15	4	11	7	4	1	519	53.29674	0	{2: 8, 0: 7, 3: 10, 1: 5}	{(2, 1): 1, (0, 3): 2, (2, 3): 2, (3, 0): 2, (3, 2): 2, (0, 2): 1, (1, 3): 1, (1, 0): 1, (2, 0): 1, (1, 2): 1, (3, 1): 1}	{}	{}
Q2QGD7	139.94029	15	4	11	7	4	1	858	51.85798	0	{3: 6, 0: 7, 1: 7, 2: 10}	{(1, 2): 2, (3, 1): 1, (2, 1): 2, (0, 2): 2, (1, 0): 1, (3, 0): 1, (3, 2): 1, (0, 3): 1, (2, 3): 1, (2, 0): 2, (1, 3): 1}	{}	{}
Q9NTW7	136.89182	15	4	9	9	6	1	645	63.469196	0	{0: 5, 3: 10, 2: 8, 1: 7}	{(1, 0): 1, (0, 3): 2, (3, 0): 2, (1, 2): 2, (2, 1): 2, (2, 3): 2, (1, 3): 1, (3, 1): 1, (3, 2): 2}	{}	{}
Q15915	136.89151	13	4	9	9	4	1	447	52.18991	0	{2: 8, 1: 7, 3: 4, 0: 7}	{(1, 2): 2, (3, 1): 1, (0, 2): 2, (1, 3): 1, (3, 0): 1, (0, 3): 1, (2, 0): 2, (2, 1): 2, (1, 0): 1}	{}	{}
Q9P243	132.64697	16	4	10	6	6	1	1243	56.827866	0	{3: 12, 0: 8, 1: 4, 2: 8}	{(2, 0): 1, (1, 3): 1, (0, 2): 1, (1, 2): 1, (2, 3): 2, (3, 0): 3, (2, 1): 1, (3, 2): 2, (3, 1): 1, (0, 3): 3}	{}	{}
Q8IXZ3	131.44264	13	4	11	5	2	1	490	46.273315	0	{3: 8, 1: 5, 2: 6, 0: 7}	{(1, 3): 1, (3, 0): 2, (0, 3): 2, (1, 0): 1, (1, 2): 1, (0, 2): 1, (2, 1): 1, (2, 0): 1, (2, 3): 1, (3, 2): 1, (3, 1): 1}	{}	{}
Q6BEB4	130.44243	13	4	9	7	4	1	398	52.926743	0	{0: 5, 3: 8, 1: 7, 2: 6}	{(3, 0): 2, (0, 3): 2, (2, 1): 2, (3, 1): 1, (1, 0): 1, (2, 3): 1, (3, 2): 1, (1, 2): 2, (1, 3): 1}	{}	{}
Q3SY56	130.38234	13	4	11	7	2	1	376	48.237007	0	{3: 8, 2: 6, 0: 7, 1: 5}	{(2, 3): 1, (3, 0): 2, (0, 3): 2, (2, 1): 1, (3, 1): 1, (0, 2): 1, (2, 0): 1, (1, 3): 1, (3, 2): 1, (1, 2): 1, (1, 0): 1}	{}	{}
O60281	130.34059	15	4	11	9	4	1	1400	52.948303	0	{0: 9, 1: 5, 2: 8, 3: 8}	{(2, 1): 1, (1, 2): 1, (2, 0): 2, (2, 3): 1, (0, 2): 2, (3, 0): 2, (3, 1): 1, (1, 3): 1, (3, 2): 1, (0, 3): 2, (1, 0): 1}	{}	{}
O60281	130.23775	15	4	11	7	4	1	1400	44.45392	0	{1: 5, 3: 8, 0: 9, 2: 8}	{(0, 3): 2, (1, 2): 1, (1, 3): 1, (2, 3): 1, (3, 2): 1, (3, 0): 2, (2, 0): 2, (1, 0): 1, (2, 1): 1, (0, 2): 2, (3, 1): 1}	{}	{}
Q14872	129.98999	15	4	11	9	4	1	753	48.51437	0	{1: 5, 0: 7, 2: 8, 3: 10}	{(3, 2): 2, (0, 2): 1, (0, 3): 2, (2, 1): 1, (3, 0): 2, (1, 2): 1, (3, 1): 1, (2, 0): 1, (1, 3): 1, (2, 3): 2, (1, 0): 1}	{}	{}
Q8IZM8	129.25212	14	4	10	6	4	1	581	56.287266	0	{0: 8, 2: 8, 1: 4, 3: 8}	{(0, 3): 2, (2, 3): 1, (2, 1): 1, (3, 1): 1, (3, 0): 2, (1, 3): 1, (2, 0): 2, (1, 2): 1, (0, 2): 2, (3, 2): 1}	{}	{}
Q8TDD2	128.94847	13	4	9	7	4	1	431	49.972248	0	{0: 5, 3: 8, 1: 7, 2: 6}	{(1, 2): 2, (3, 0): 2, (3, 2): 1, (1, 0): 1, (2, 1): 2, (2, 3): 1, (0, 3): 2, (3, 1): 1, (1, 3): 1}	{}	{}
O60481	127.593185	13	4	9	7	4	1	467	49.882324	0	{3: 6, 2: 6, 1: 5, 0: 9}	{(1, 3): 1, (3, 0): 2, (0, 2): 2, (2, 0): 2, (0, 3): 2, (2, 1): 1, (1, 2): 1, (3, 1): 1, (1, 0): 1}	{}	{}
Q86VK4	127.11013	13	4	9	9	4	1	478	49.574333	0	{1: 7, 2: 6, 3: 8, 0: 5}	{(1, 0): 1, (2, 3): 1, (1, 3): 1, (0, 3): 2, (3, 1): 1, (3, 0): 2, (3, 2): 1, (2, 1): 2, (1, 2): 2}	{}	{}
O60281	125.33713	15	4	9	7	6	1	1400	44.987747	0	{3: 8, 0: 11, 2: 8, 1: 3}	{(0, 3): 3, (2, 3): 1, (3, 2): 1, (2, 0): 2, (3, 0): 3, (2, 1): 1, (1, 2): 1, (0, 2): 2, (1, 0): 1}	{}	{}
Q13887	124.29832	13	4	11	7	2	1	457	46.34117	0	{1: 5, 2: 6, 0: 7, 3: 8}	{(3, 1): 1, (0, 2): 1, (1, 0): 1, (2, 1): 1, (0, 3): 2, (2, 3): 1, (3, 2): 1, (3, 0): 2, (1, 3): 1, (1, 2): 1, (2, 0): 1}	{}	{}
Q8NEA6	122.86946	13	4	9	7	4	1	775	49.71313	0	{0: 9, 2: 8, 1: 3, 3: 6}	{(1, 2): 1, (3, 0): 2, (3, 2): 1, (0, 2): 2, (1, 0): 1, (2, 1): 1, (2, 0): 2, (0, 3): 2, (2, 3): 1}	{}	{}
P98168	121.37913	13	4	11	5	2	1	799	54.162975	0	{0: 5, 2: 8, 1: 7, 3: 6}	{(2, 3): 1, (0, 3): 1, (3, 2): 1, (3, 1): 1, (2, 1): 2, (3, 0): 1, (1, 3): 1, (0, 2): 1, (2, 0): 1, (1, 2): 2, (1, 0): 1}	{}	{}
Q9NQX1	116.76174	13	4	11	7	2	1	630	71.61075	0	{1: 5, 2: 6, 0: 7, 3: 8}	{(1, 3): 1, (0, 3): 2, (2, 1): 1, (1, 2): 1, (2, 3): 1, (3, 2): 1, (0, 2): 1, (2, 0): 1, (1, 0): 1, (3, 1): 1, (3, 0): 2}	{}	{}
Q13886	116.58527	11	4	9	7	2	1	244	61.241573	0	{0: 5, 3: 8, 1: 5, 2: 4}	{(3, 2): 1, (0, 3): 2, (2, 3): 1, (1, 3): 1, (1, 2): 1, (2, 1): 1, (1, 0): 1, (3, 0): 2, (3, 1): 1}	{}	{}
Q9BXK1	112.13275	11	4	9	7	2	1	252	58.953304	0	{1: 5, 2: 4, 0: 5, 3: 8}	{(0, 3): 2, (1, 3): 1, (2, 1): 1, (3, 0): 2, (2, 3): 1, (1, 0): 1, (1, 2): 1, (3, 2): 1, (3, 1): 1}	{}	{}
Q9Y5W3	110.34443	11	4	9	9	2	1	355	56.92797	0	{3: 8, 2: 6, 1: 5, 0: 3}	{(3, 1): 1, (3, 2): 2, (2, 1): 1, (0, 3): 1, (1, 3): 1, (2, 3): 2, (1, 0): 1, (3, 0): 1, (1, 2): 1}	{}	{}
Q9UPG8	110.319786	11	4	9	7	2	1	496	54.145218	0	{0: 5, 2: 8, 1: 5, 3: 4}	{(1, 3): 1, (2, 1): 1, (0, 2): 2, (2, 0): 2, (1, 2): 1, (2, 3): 1, (3, 1): 1, (1, 0): 1, (3, 2): 1}	{}	{}
Q5JT82	108.44757	11	4	11	5	0	1	389	53.278263	0	{3: 6, 1: 5, 2: 6, 0: 5}	{(1, 2): 1, (2, 0): 1, (3, 0): 1, (2, 1): 1, (3, 2): 1, (0, 2): 1, (0, 3): 1, (2, 3): 1, (3, 1): 1, (1, 0): 1, (1, 3): 1}	{}	{}
Q99612	108.202225	11	4	9	5	2	1	283	60.883488	0	{0: 5, 1: 3, 3: 6, 2: 8}	{(2, 1): 1, (2, 0): 1, (1, 2): 1, (2, 3): 2, (3, 0): 1, (0, 2): 1, (0, 3): 1, (3, 2): 2, (1, 0): 1}	{}	{}
Q8N823	107.986084	12	3	4	4	8	1	705	63.958313	0	{0: 6, 2: 6, 3: 12}	{(3, 2): 3, (0, 3): 3, (2, 3): 3, (3, 0): 3}	{}	{}
Q96CK0	106.84034	11	4	11	9	0	1	615	50.168854	0	{1: 5, 3: 6, 0: 5, 2: 6}	{(2, 1): 1, (1, 2): 1, (3, 2): 1, (0, 3): 1, (2, 0): 1, (0, 2): 1, (3, 1): 1, (2, 3): 1, (3, 0): 1, (1, 0): 1, (1, 3): 1}	{}	{}
Q8NB15	106.19644	10	4	8	6	2	1	252	72.162186	0	{3: 6, 2: 4, 1: 4, 0: 6}	{(1, 2): 1, (2, 0): 1, (0, 2): 1, (3, 0): 2, (2, 1): 1, (3, 1): 1, (0, 3): 2, (1, 3): 1}	{}	{}
Q13351	105.99115	11	4	9	7	2	1	362	54.76572	0	{3: 8, 2: 6, 1: 5, 0: 3}	{(1, 2): 1, (3, 2): 2, (0, 3): 1, (3, 0): 1, (3, 1): 1, (1, 0): 1, (1, 3): 1, (2, 1): 1, (2, 3): 2}	{}	{}
O60281	104.36221	13	4	11	7	2	1	1323	51.680527	0	{2: 6, 3: 8, 1: 5, 0: 7}	{(2, 0): 1, (2, 3): 1, (3, 1): 1, (1, 2): 1, (3, 2): 1, (2, 1): 1, (3, 0): 2, (1, 3): 1, (0, 3): 2, (1, 0): 1, (0, 2): 1}	{}	{}
Q8IYI8	104.16003	12	3	6	4	6	1	595	61.89219	0	{3: 10, 2: 8, 0: 6}	{(3, 0): 2, (2, 0): 1, (3, 2): 3, (2, 3): 3, (0, 3): 2, (0, 2): 1}	{}	{}
O60281	103.30123	13	4	11	7	2	1	1400	51.08454	0	{0: 7, 2: 6, 3: 8, 1: 5}	{(1, 0): 1, (2, 0): 1, (3, 2): 1, (0, 2): 1, (1, 2): 1, (0, 3): 2, (1, 3): 1, (3, 1): 1, (3, 0): 2, (2, 3): 1, (2, 1): 1}	{}	{}
Q9UM63	101.249916	11	4	9	5	2	1	463	56.79325	0	{1: 3, 0: 7, 2: 4, 3: 8}	{(3, 2): 1, (0, 3): 2, (1, 0): 1, (1, 3): 1, (3, 0): 2, (0, 2): 1, (2, 0): 1, (2, 3): 1, (3, 1): 1}	{}	{}
Q02086	101.23028	11	4	11	5	0	1	613	42.87533	0	{1: 5, 3: 6, 2: 6, 0: 5}	{(1, 3): 1, (1, 2): 1, (2, 3): 1, (2, 0): 1, (3, 1): 1, (2, 1): 1, (0, 2): 1, (0, 3): 1, (1, 0): 1, (3, 2): 1, (3, 0): 1}	{}	{}
Q9BQA5	100.72861	11	4	9	7	2	1	517	72.23416	0	{1: 5, 2: 4, 0: 5, 3: 8}	{(1, 3): 1, (1, 2): 1, (3, 2): 1, (2, 3): 1, (1, 0): 1, (0, 3): 2, (3, 1): 1, (2, 1): 1, (3, 0): 2}	{}	{}
P11161	100.24101	11	4	9	3	2	1	476	48.78365	0	{1: 3, 0: 7, 2: 6, 3: 6}	{(2, 0): 1, (0, 3): 2, (0, 2): 1, (2, 3): 1, (1, 2): 1, (1, 0): 1, (3, 2): 1, (3, 0): 2, (2, 1): 1}	{}	{}
P18146	97.860565	11	4	9	5	2	1	543	49.445942	0	{1: 3, 3: 6, 2: 8, 0: 5}	{(1, 0): 1, (2, 3): 2, (3, 0): 1, (2, 0): 1, (3, 2): 2, (0, 2): 1, (2, 1): 1, (0, 3): 1, (1, 2): 1}	{}	{}
P08047	97.30542	11	4	11	5	0	1	785	38.966877	0	{1: 5, 0: 5, 2: 6, 3: 6}	{(2, 3): 1, (1, 3): 1, (2, 1): 1, (3, 0): 1, (1, 0): 1, (3, 2): 1, (0, 2): 1, (0, 3): 1, (2, 0): 1, (1, 2): 1, (3, 1): 1}	{}	{}
Q9C0G0	96.62966	14	4	8	6	6	1	2248	45.39177	0	{3: 8, 0: 8, 1: 2, 2: 10}	{(3, 2): 2, (3, 0): 2, (0, 2): 2, (0, 3): 2, (2, 0): 2, (2, 3): 2, (2, 1): 1, (1, 2): 1}	{}	{}
Q6ZN18	95.435646	10	4	10	6	0	1	517	61.17842	0	{3: 6, 0: 4, 1: 4, 2: 6}	{(0, 2): 1, (2, 3): 1, (3, 2): 1, (1, 2): 1, (3, 0): 1, (1, 3): 1, (2, 0): 1, (3, 1): 1, (2, 1): 1, (0, 3): 1}	{}	{}
O96028	94.761444	11	4	9	7	2	1	1365	65.441055	0	{3: 6, 0: 7, 2: 4, 1: 5}	{(1, 2): 1, (1, 0): 1, (0, 3): 2, (2, 0): 1, (3, 1): 1, (1, 3): 1, (2, 1): 1, (3, 0): 2, (0, 2): 1}	{}	{}
Q06889	94.31996	10	4	8	6	2	1	387	48.76427	0	{0: 4, 3: 6, 1: 2, 2: 8}	{(0, 2): 1, (1, 2): 1, (2, 3): 2, (0, 3): 1, (2, 0): 1, (2, 1): 1, (3, 0): 1, (3, 2): 2}	{}	{}
Q9UIH9	93.64564	10	4	8	4	2	1	416	48.83149	0	{3: 8, 0: 4, 1: 4, 2: 4}	{(0, 3): 2, (2, 3): 1, (1, 3): 1, (1, 2): 1, (3, 0): 2, (3, 1): 1, (2, 1): 1, (3, 2): 1}	{}	{}
Q5T0B9	93.532776	10	4	8	6	2	1	420	56.69672	0	{3: 6, 1: 2, 2: 6, 0: 6}	{(3, 2): 1, (3, 0): 2, (1, 2): 1, (0, 2): 1, (2, 0): 1, (2, 3): 1, (0, 3): 2, (2, 1): 1}	{}	{}
Q6AZW8	93.28548	10	3	4	4	6	1	331	82.03143	0	{2: 6, 0: 4, 3: 10}	{(2, 3): 3, (3, 2): 3, (3, 0): 2, (0, 3): 2}	{}	{}
Q9BYN7	92.58333	11	4	9	5	2	1	854	54.953506	0	{2: 6, 0: 7, 1: 3, 3: 6}	{(2, 1): 1, (1, 0): 1, (3, 0): 2, (0, 2): 1, (2, 3): 1, (0, 3): 2, (3, 2): 1, (2, 0): 1, (1, 2): 1}	{}	{}
O43167	91.758575	10	3	6	4	4	1	697	52.91584	0	{0: 8, 3: 8, 2: 4}	{(0, 3): 3, (3, 2): 1, (2, 0): 1, (2, 3): 1, (3, 0): 3, (0, 2): 1}	{}	{}
Q96PN7	90.57044	11	4	11	5	0	1	1200	49.050865	0	{3: 6, 0: 5, 1: 5, 2: 6}	{(1, 3): 1, (0, 3): 1, (2, 1): 1, (2, 0): 1, (0, 2): 1, (2, 3): 1, (3, 1): 1, (3, 0): 1, (1, 0): 1, (3, 2): 1, (1, 2): 1}	{}	{}
Q5VTD9	90.56627	10	3	6	4	4	1	330	64.040596	0	{2: 6, 0: 6, 3: 8}	{(0, 3): 2, (2, 3): 2, (2, 0): 1, (0, 2): 1, (3, 0): 2, (3, 2): 2}	{}	{}
O00463	90.24081	8	3	4	4	4	1	557	86.89232	0	{1: 4, 2: 8, 0: 4}	{(1, 2): 2, (2, 0): 2, (2, 1): 2, (0, 2): 2}	{}	{}
O60281	90.13588	11	4	9	7	2	1	1400	46.84341	0	{2: 4, 0: 7, 1: 5, 3: 6}	{(0, 2): 1, (1, 3): 1, (1, 2): 1, (0, 3): 2, (2, 1): 1, (1, 0): 1, (3, 1): 1, (2, 0): 1, (3, 0): 2}	{}	{}
O60281	90.13588	11	4	9	7	2	1	1400	49.475113	0	{0: 7, 1: 5, 3: 6, 2: 4}	{(3, 0): 2, (2, 1): 1, (0, 3): 2, (0, 2): 1, (1, 0): 1, (1, 3): 1, (2, 0): 1, (1, 2): 1, (3, 1): 1}	{}	{}
P0CG40	89.792274	9	4	9	5	0	1	484	45.766968	0	{2: 4, 0: 3, 1: 5, 3: 6}	{(1, 3): 1, (2, 1): 1, (3, 0): 1, (0, 3): 1, (1, 0): 1, (2, 3): 1, (3, 1): 1, (1, 2): 1, (3, 2): 1}	{}	{}
Q6ZS27	89.645256	10	3	4	4	6	1	426	63.76828	0	{2: 6, 0: 4, 3: 10}	{(2, 3): 3, (0, 3): 2, (3, 2): 3, (3, 0): 2}	{}	{}
Q9HCE3	89.4716	12	3	6	6	6	1	1301	52.874832	0	{0: 8, 3: 8, 2: 8}	{(0, 3): 2, (3, 2): 2, (2, 0): 2, (2, 3): 2, (0, 2): 2, (3, 0): 2}	{}	{}
A0A0U1RQI7	89.06134	11	4	9	7	2	1	1052	56.780838	0	{2: 6, 1: 5, 3: 8, 0: 3}	{(1, 2): 1, (2, 3): 2, (0, 3): 1, (3, 2): 2, (1, 0): 1, (1, 3): 1, (2, 1): 1, (3, 0): 1, (3, 1): 1}	{}	{}
Q9H4Z2	88.93444	12	3	6	6	6	1	1342	51.288097	0	{3: 8, 0: 8, 2: 8}	{(3, 2): 2, (2, 0): 2, (3, 0): 2, (0, 3): 2, (0, 2): 2, (2, 3): 2}	{}	{}
Q9BZE0	88.619804	10	4	8	2	2	1	524	52.61167	0	{0: 6, 1: 2, 3: 6, 2: 6}	{(0, 2): 1, (2, 0): 1, (2, 3): 1, (3, 0): 2, (0, 3): 2, (2, 1): 1, (3, 2): 1, (1, 2): 1}	{}	{}
Q05215	88.551155	10	4	8	4	2	1	589	50.701027	0	{0: 6, 3: 6, 1: 2, 2: 6}	{(0, 3): 2, (0, 2): 1, (1, 2): 1, (2, 1): 1, (2, 3): 1, (3, 2): 1, (2, 0): 1, (3, 0): 2}	{}	{}
Q5HY98	88.28871	10	3	4	4	6	1	468	65.43825	0	{3: 10, 2: 6, 0: 4}	{(3, 2): 3, (0, 3): 2, (2, 3): 3, (3, 0): 2}	{}	{}
Q15928	88.10493	10	3	4	4	6	1	474	70.08603	0	{0: 4, 2: 6, 3: 10}	{(2, 3): 3, (0, 3): 2, (3, 2): 3, (3, 0): 2}	{}	{}
Q03924	87.83356	10	3	4	4	6	1	483	77.69353	0	{2: 6, 3: 10, 0: 4}	{(3, 0): 2, (3, 2): 3, (0, 3): 2, (2, 3): 3}	{}	{}
Q96AP4	87.79944	10	3	6	6	4	1	578	80.13597	0	{0: 8, 2: 6, 3: 6}	{(0, 3): 2, (0, 2): 2, (3, 0): 2, (2, 3): 1, (2, 0): 2, (3, 2): 1}	{}	{}
Q8TF68	87.639046	10	4	8	2	2	1	577	59.632584	0	{2: 8, 0: 4, 1: 2, 3: 6}	{(3, 2): 2, (0, 2): 1, (3, 0): 1, (2, 3): 2, (0, 3): 1, (2, 0): 1, (2, 1): 1, (1, 2): 1}	{}	{}
Q96H86	87.50524	10	3	6	4	4	1	408	69.73793	0	{2: 6, 0: 6, 3: 8}	{(0, 3): 2, (0, 2): 1, (3, 0): 2, (3, 2): 2, (2, 3): 2, (2, 0): 1}	{}	{}
P19544	87.25032	10	4	6	4	4	1	449	50.674126	0	{0: 4, 1: 2, 2: 6, 3: 8}	{(3, 2): 2, (3, 0): 2, (2, 1): 1, (1, 2): 1, (2, 3): 2, (0, 3): 2}	{}	{}
P51522	86.88008	10	3	4	4	6	1	516	75.49517	0	{3: 10, 2: 6, 0: 4}	{(3, 2): 3, (0, 3): 2, (2, 3): 3, (3, 0): 2}	{}	{}
Q8IZC7	86.54766	10	3	6	4	4	1	436	66.625885	0	{2: 6, 0: 6, 3: 8}	{(0, 2): 1, (2, 0): 1, (2, 3): 2, (3, 2): 2, (0, 3): 2, (3, 0): 2}	{}	{}
P52737	86.224205	10	3	4	4	6	1	540	73.6715	0	{0: 4, 3: 10, 2: 6}	{(3, 0): 2, (3, 2): 3, (2, 3): 3, (0, 3): 2}	{}	{}
P49910	86.137634	10	4	6	4	4	1	485	57.271927	0	{2: 6, 3: 8, 0: 4, 1: 2}	{(2, 1): 1, (3, 0): 2, (3, 2): 2, (1, 2): 1, (2, 3): 2, (0, 3): 2}	{}	{}
Q8TBZ8	85.88099	10	3	4	4	6	1	553	77.5609	0	{2: 6, 0: 4, 3: 10}	{(3, 0): 2, (3, 2): 3, (0, 3): 2, (2, 3): 3}	{}	{}
Q14592	85.6481	10	3	4	4	6	1	562	64.89822	0	{2: 6, 0: 4, 3: 10}	{(3, 0): 2, (0, 3): 2, (2, 3): 3, (3, 2): 3}	{}	{}
O43298	85.5567	10	3	6	4	4	1	467	56.885685	0	{0: 6, 2: 6, 3: 8}	{(2, 0): 1, (0, 3): 2, (3, 2): 2, (2, 3): 2, (0, 2): 1, (3, 0): 2}	{}	{}
Q13118	85.5502	9	4	7	5	2	1	480	48.640938	0	{1: 5, 0: 5, 2: 2, 3: 6}	{(0, 3): 2, (1, 2): 1, (1, 3): 1, (1, 0): 1, (2, 1): 1, (3, 0): 2, (3, 1): 1}	{}	{}
Q9UC07	85.54578	10	3	4	4	6	1	566	67.46128	0	{3: 10, 2: 6, 0: 4}	{(2, 3): 3, (0, 3): 2, (3, 0): 2, (3, 2): 3}	{}	{}
Q5T619	85.49489	10	3	4	4	6	1	568	59.287914	0	{0: 4, 3: 10, 2: 6}	{(3, 0): 2, (3, 2): 3, (2, 3): 3, (0, 3): 2}	{}	{}
Q2M3W8	85.41888	10	3	4	4	6	1	571	63.367508	0	{0: 4, 2: 6, 3: 10}	{(3, 2): 3, (2, 3): 3, (0, 3): 2, (3, 0): 2}	{}	{}
Q8TA94	85.281334	10	3	6	4	4	1	476	69.86722	0	{2: 6, 0: 6, 3: 8}	{(3, 2): 2, (0, 3): 2, (2, 0): 1, (2, 3): 2, (3, 0): 2, (0, 2): 1}	{}	{}
Q8TF50	85.07386	10	4	8	2	2	1	670	62.56183	0	{1: 2, 3: 6, 0: 6, 2: 6}	{(2, 1): 1, (3, 2): 1, (2, 0): 1, (0, 2): 1, (2, 3): 1, (0, 3): 2, (3, 0): 2, (1, 2): 1}	{}	{}
Q8NB42	84.489365	10	3	4	4	6	1	609	64.10758	0	{0: 4, 3: 10, 2: 6}	{(0, 3): 2, (3, 0): 2, (3, 2): 3, (2, 3): 3}	{}	{}
O75820	84.09217	10	3	4	4	6	1	626	72.24229	0	{0: 4, 2: 6, 3: 10}	{(3, 2): 3, (2, 3): 3, (0, 3): 2, (3, 0): 2}	{}	{}
Q5CZA5	84.06914	10	3	4	4	6	1	627	67.51955	0	{2: 6, 3: 10, 0: 4}	{(2, 3): 3, (0, 3): 2, (3, 2): 3, (3, 0): 2}	{}	{}
Q9Y6Q3	84.00027	10	3	4	4	6	1	630	66.805405	0	{3: 10, 2: 6, 0: 4}	{(0, 3): 2, (2, 3): 3, (3, 2): 3, (3, 0): 2}	{}	{}
Q14119	83.978096	10	3	6	4	4	1	521	57.324947	0	{2: 6, 0: 6, 3: 8}	{(3, 0): 2, (3, 2): 2, (2, 0): 1, (0, 2): 1, (0, 3): 2, (2, 3): 2}	{}	{}
Q86T29	83.75055	10	3	4	4	6	1	641	72.978355	0	{3: 10, 2: 6, 0: 4}	{(0, 3): 2, (2, 3): 3, (3, 0): 2, (3, 2): 3}	{}	{}
O75290	83.75055	10	3	4	4	6	1	641	74.25766	0	{3: 10, 0: 4, 2: 6}	{(2, 3): 3, (3, 0): 2, (0, 3): 2, (3, 2): 3}	{}	{}
Q9Y462	83.72834	10	3	6	4	4	1	761	54.773182	0	{3: 6, 2: 6, 0: 8}	{(2, 0): 2, (3, 2): 1, (2, 3): 1, (3, 0): 2, (0, 2): 2, (0, 3): 2}	{}	{}
Q3ZCX4	83.68319	10	3	4	4	6	1	644	73.54561	0	{3: 10, 2: 6, 0: 4}	{(2, 3): 3, (3, 2): 3, (0, 3): 2, (3, 0): 2}	{}	{}
Q9UL36	83.423615	12	3	6	6	6	1	1845	53.743546	0	{0: 8, 3: 8, 2: 8}	{(3, 2): 2, (0, 3): 2, (0, 2): 2, (2, 0): 2, (3, 0): 2, (2, 3): 2}	{}	{}
Q9BWE0	82.757454	10	3	6	4	4	1	567	70.07753	0	{3: 8, 2: 6, 0: 6}	{(2, 3): 2, (2, 0): 1, (3, 2): 2, (0, 3): 2, (0, 2): 1, (3, 0): 2}	{}	{}
Q14588	82.48024	10	3	4	4	6	1	700	74.17244	0	{2: 6, 3: 10, 0: 4}	{(2, 3): 3, (3, 0): 2, (3, 2): 3, (0, 3): 2}	{}	{}
Q9H165	82.389534	10	3	6	4	4	1	835	51.67044	0	{2: 6, 0: 8, 3: 6}	{(2, 0): 2, (0, 3): 2, (0, 2): 2, (3, 0): 2, (3, 2): 1, (2, 3): 1}	{}	{}
O95365	82.33126	10	3	6	4	4	1	584	54.67758	0	{2: 6, 0: 6, 3: 8}	{(3, 0): 2, (2, 3): 2, (0, 3): 2, (0, 2): 1, (3, 2): 2, (2, 0): 1}	{}	{}
Q6ZNG1	82.03379	10	3	4	4	6	1	722	67.82164	0	{0: 4, 3: 10, 2: 6}	{(0, 3): 2, (3, 2): 3, (3, 0): 2, (2, 3): 3}	{}	{}
Q99676	81.46567	10	3	4	4	6	1	751	72.36254	0	{2: 6, 0: 4, 3: 10}	{(0, 3): 2, (2, 3): 3, (3, 0): 2, (3, 2): 3}	{}	{}
P52743	81.37668	8	3	4	4	4	1	207	87.43381	0	{2: 4, 3: 8, 0: 4}	{(2, 3): 2, (3, 0): 2, (0, 3): 2, (3, 2): 2}	{}	{}
Q8TD94	81.27243	8	4	6	0	2	1	323	57.343304	0	{0: 2, 2: 6, 1: 2, 3: 6}	{(2, 3): 2, (3, 2): 2, (2, 1): 1, (1, 2): 1, (0, 3): 1, (3, 0): 1}	{}	{}
P10070	81.2439	11	4	9	5	2	1	1586	42.177334	0	{2: 6, 1: 3, 0: 7, 3: 6}	{(1, 2): 1, (2, 0): 1, (3, 0): 2, (0, 2): 1, (1, 0): 1, (0, 3): 2, (2, 3): 1, (2, 1): 1, (3, 2): 1}	{}	{}
Q52M93	81.12396	10	3	4	4	6	1	769	76.43894	0	{2: 6, 3: 10, 0: 4}	{(3, 2): 3, (0, 3): 2, (3, 0): 2, (2, 3): 3}	{}	{}
Q6P3V2	81.12396	10	3	4	4	6	1	769	75.69739	0	{3: 10, 0: 4, 2: 6}	{(2, 3): 3, (0, 3): 2, (3, 0): 2, (3, 2): 3}	{}	{}
P17025	81.03277	10	3	6	4	4	1	639	69.70146	0	{0: 6, 3: 8, 2: 6}	{(2, 0): 1, (0, 2): 1, (2, 3): 2, (3, 2): 2, (0, 3): 2, (3, 0): 2}	{}	{}
P17017	80.9652	10	3	6	4	4	1	642	78.11065	0	{3: 8, 0: 6, 2: 6}	{(0, 3): 2, (2, 3): 2, (2, 0): 1, (3, 2): 2, (3, 0): 2, (0, 2): 1}	{}	{}
Q92793	80.56659	9	3	5	3	4	1	2442	52.413715	0	{1: 7, 0: 3, 2: 8}	{(1, 2): 3, (2, 1): 3, (1, 0): 1, (0, 2): 1, (2, 0): 1}	{}	{}
Q8NI51	80.50085	10	3	6	4	4	1	663	55.575687	0	{0: 6, 3: 8, 2: 6}	{(2, 0): 1, (3, 0): 2, (2, 3): 2, (0, 3): 2, (0, 2): 1, (3, 2): 2}	{}	{}
Q96JF6	80.42811	10	3	4	4	6	1	807	69.61541	0	{3: 10, 2: 6, 0: 4}	{(3, 2): 3, (3, 0): 2, (0, 3): 2, (2, 3): 3}	{}	{}
Q6ZN19	80.41023	10	3	4	4	6	1	808	69.983955	0	{0: 4, 3: 10, 2: 6}	{(0, 3): 2, (3, 2): 3, (3, 0): 2, (2, 3): 3}	{}	{}
P17038	80.392395	10	3	4	4	6	1	809	72.64408	0	{2: 6, 0: 4, 3: 10}	{(3, 0): 2, (0, 3): 2, (2, 3): 3, (3, 2): 3}	{}	{}
Q8N7K0	80.28487	10	3	6	4	4	1	673	74.15306	0	{0: 6, 3: 8, 2: 6}	{(0, 3): 2, (2, 3): 2, (3, 0): 2, (3, 2): 2, (0, 2): 1, (2, 0): 1}	{}	{}
Q9UH90	79.79434	8	4	8	8	0	1	709	73.62394	0	{2: 4, 1: 4, 3: 4, 0: 4}	{(0, 2): 1, (3, 0): 1, (1, 2): 1, (2, 1): 1, (2, 0): 1, (3, 1): 1, (1, 3): 1, (0, 3): 1}	{}	{}
O43474	79.56896	9	4	7	7	2	1	513	48.250725	0	{2: 4, 0: 3, 3: 8, 1: 3}	{(1, 0): 1, (0, 3): 1, (3, 0): 1, (1, 3): 1, (3, 2): 2, (2, 3): 2, (3, 1): 1}	{}	{}
Q9P2Y4	79.27094	10	3	6	4	4	1	722	55.693836	0	{2: 6, 0: 6, 3: 8}	{(3, 0): 2, (3, 2): 2, (0, 2): 1, (0, 3): 2, (2, 0): 1, (2, 3): 2}	{}	{}
P49711	79.17138	10	3	6	4	4	1	727	59.043285	0	{2: 6, 0: 6, 3: 8}	{(2, 0): 1, (0, 2): 1, (3, 0): 2, (2, 3): 2, (0, 3): 2, (3, 2): 2}	{}	{}
Q8IX07	78.91936	10	4	8	4	2	1	1006	55.10052	0	{2: 8, 3: 6, 1: 2, 0: 4}	{(2, 1): 1, (0, 3): 1, (3, 2): 2, (1, 2): 1, (0, 2): 1, (3, 0): 1, (2, 3): 2, (2, 0): 1}	{}	{}
Q8N4W9	78.80653	10	3	4	4	6	1	903	68.58483	0	{2: 6, 3: 10, 0: 4}	{(3, 0): 2, (3, 2): 3, (0, 3): 2, (2, 3): 3}	{}	{}
Q02446	78.78645	9	4	9	5	0	1	784	37.764336	0	{1: 5, 2: 4, 0: 3, 3: 6}	{(1, 0): 1, (3, 2): 1, (2, 1): 1, (1, 2): 1, (3, 1): 1, (3, 0): 1, (1, 3): 1, (0, 3): 1, (2, 3): 1}	{}	{}
Q6IV72	78.68361	10	3	6	4	4	1	752	72.30422	0	{3: 8, 2: 6, 0: 6}	{(2, 3): 2, (3, 0): 2, (0, 2): 1, (0, 3): 2, (3, 2): 2, (2, 0): 1}	{}	{}
Q66K89	78.0824	10	3	6	4	4	1	784	55.145805	0	{3: 8, 2: 6, 0: 6}	{(3, 2): 2, (2, 3): 2, (0, 3): 2, (3, 0): 2, (0, 2): 1, (2, 0): 1}	{}	{}
Q8TB52	77.78474	8	4	8	4	0	1	745	62.06408	0	{2: 4, 0: 4, 3: 4, 1: 4}	{(2, 0): 1, (0, 2): 1, (3, 0): 1, (1, 2): 1, (3, 1): 1, (1, 3): 1, (0, 3): 1, (2, 1): 1}	{}	{}
Q86V15	77.47119	9	4	7	5	2	1	1759	51.554634	0	{0: 1, 1: 7, 2: 6, 3: 4}	{(1, 0): 1, (1, 3): 1, (2, 1): 2, (1, 2): 2, (2, 3): 1, (3, 2): 1, (3, 1): 1}	{}	{}
Q15072	77.40599	8	3	4	4	4	1	292	90.741234	0	{2: 4, 3: 8, 0: 4}	{(2, 3): 2, (0, 3): 2, (3, 0): 2, (3, 2): 2}	{}	{}
Q8WW38	76.97677	10	4	8	4	2	1	1151	51.34118	0	{3: 6, 0: 4, 2: 8, 1: 2}	{(3, 2): 2, (2, 0): 1, (3, 0): 1, (2, 3): 2, (0, 2): 1, (1, 2): 1, (2, 1): 1, (0, 3): 1}	{}	{}
Q6ZT77	76.72003	8	3	4	4	4	1	177	62.38934	0	{3: 8, 2: 4, 0: 4}	{(2, 3): 2, (3, 2): 2, (3, 0): 2, (0, 3): 2}	{}	{}
Q9UEG4	76.597374	10	3	6	4	4	1	869	63.294235	0	{0: 6, 2: 6, 3: 8}	{(3, 2): 2, (2, 0): 1, (0, 2): 1, (3, 0): 2, (0, 3): 2, (2, 3): 2}	{}	{}
Q6ZN55	76.15595	10	3	6	4	4	1	896	59.7979	0	{0: 6, 2: 6, 3: 8}	{(2, 0): 1, (0, 2): 1, (2, 3): 2, (0, 3): 2, (3, 0): 2, (3, 2): 2}	{}	{}
Q6ZTB9	76.08573	8	3	4	4	4	1	187	88.56402	0	{2: 4, 3: 8, 0: 4}	{(3, 2): 2, (2, 3): 2, (3, 0): 2, (0, 3): 2}	{}	{}
Q9Y4K3	76.028755	7	3	5	5	2	1	522	85.07563	0	{1: 3, 0: 5, 2: 6}	{(0, 2): 2, (1, 0): 1, (2, 1): 1, (1, 2): 1, (2, 0): 2}	{}	{}
Q5SVQ8	75.94814	10	3	6	4	4	1	909	60.910664	0	{3: 8, 0: 6, 2: 6}	{(0, 3): 2, (3, 0): 2, (0, 2): 1, (3, 2): 2, (2, 0): 1, (2, 3): 2}	{}	{}
Q9Y2Y9	75.82603	8	4	6	2	2	1	288	57.79501	0	{0: 4, 1: 2, 2: 4, 3: 6}	{(3, 0): 2, (3, 2): 1, (1, 2): 1, (0, 3): 2, (2, 3): 1, (2, 1): 1}	{}	{}
Q13114	75.17587	7	3	5	5	2	1	568	87.56607	0	{2: 6, 0: 5, 1: 3}	{(2, 0): 2, (0, 2): 2, (2, 1): 1, (1, 2): 1, (1, 0): 1}	{}	{}
Q9Y4E5	75.173706	9	4	7	5	2	1	1061	69.23982	0	{1: 3, 0: 7, 3: 4, 2: 4}	{(1, 0): 1, (2, 1): 1, (0, 3): 2, (0, 2): 1, (3, 0): 2, (2, 0): 1, (1, 2): 1}	{}	{}
Q9UJN7	75.05405	8	3	4	4	4	1	358	75.498	0	{2: 4, 3: 8, 0: 4}	{(0, 3): 2, (2, 3): 2, (3, 2): 2, (3, 0): 2}	{}	{}
Q6DJT9	74.77835	8	4	6	4	2	1	500	55.366104	0	{3: 4, 2: 4, 1: 2, 0: 6}	{(2, 0): 1, (0, 2): 1, (0, 3): 2, (1, 2): 1, (2, 1): 1, (3, 0): 2}	{}	{}
A6NFI3	74.51407	10	3	6	4	4	1	1004	59.305004	0	{3: 8, 2: 6, 0: 6}	{(3, 0): 2, (0, 2): 1, (2, 3): 2, (3, 2): 2, (2, 0): 1, (0, 3): 2}	{}	{}
Q6DD87	74.20231	8	3	4	2	4	1	382	63.986378	0	{0: 4, 2: 4, 3: 8}	{(3, 2): 2, (0, 3): 2, (3, 0): 2, (2, 3): 2}	{}	{}
P59923	74.13121	10	3	6	4	4	1	1031	57.13946	0	{0: 6, 3: 8, 2: 6}	{(2, 3): 2, (0, 3): 2, (3, 0): 2, (3, 2): 2, (2, 0): 1, (0, 2): 1}	{}	{}
O75362	73.89526	10	3	6	4	4	1	1048	49.35412	0	{3: 8, 2: 6, 0: 6}	{(0, 3): 2, (3, 0): 2, (2, 0): 1, (3, 2): 2, (2, 3): 2, (0, 2): 1}	{}	{}
P0CJ78	73.74463	10	3	6	4	4	1	1059	56.80327	0	{0: 6, 3: 8, 2: 6}	{(3, 0): 2, (0, 2): 1, (2, 3): 2, (2, 0): 1, (3, 2): 2, (0, 3): 2}	{}	{}
Q5EBL2	73.74463	10	3	6	4	4	1	1059	56.331432	0	{2: 6, 0: 6, 3: 8}	{(0, 3): 2, (3, 0): 2, (2, 0): 1, (0, 2): 1, (3, 2): 2, (2, 3): 2}	{}	{}
P15336	73.1333	7	4	7	5	0	1	505	57.959095	0	{1: 5, 0: 3, 2: 2, 3: 4}	{(0, 3): 1, (1, 3): 1, (1, 2): 1, (3, 1): 1, (1, 0): 1, (3, 0): 1, (2, 1): 1}	{}	{}
P52741	73.019844	8	3	4	4	4	1	427	65.82885	0	{0: 4, 3: 8, 2: 4}	{(0, 3): 2, (2, 3): 2, (3, 0): 2, (3, 2): 2}	{}	{}
P37275	72.88525	10	3	6	4	4	1	1124	49.228546	0	{0: 6, 3: 8, 2: 6}	{(2, 3): 2, (0, 3): 2, (0, 2): 1, (3, 2): 2, (2, 0): 1, (3, 0): 2}	{}	{}
Q6ZSS3	72.69997	8	3	4	4	4	1	439	62.665295	0	{0: 4, 3: 8, 2: 4}	{(3, 2): 2, (3, 0): 2, (2, 3): 2, (0, 3): 2}	{}	{}
Q8NCK3	72.64751	8	3	4	4	4	1	441	78.69892	0	{0: 4, 3: 8, 2: 4}	{(3, 2): 2, (3, 0): 2, (2, 3): 2, (0, 3): 2}	{}	{}
Q92618	72.39315	10	3	6	4	4	1	1163	50.747185	0	{3: 8, 2: 6, 0: 6}	{(3, 2): 2, (3, 0): 2, (0, 2): 1, (2, 0): 1, (2, 3): 2, (0, 3): 2}	{}	{}
P52738	72.23618	8	3	4	4	4	1	457	68.75572	0	{3: 8, 2: 4, 0: 4}	{(3, 0): 2, (3, 2): 2, (2, 3): 2, (0, 3): 2}	{}	{}
Q8TAX0	72.018616	8	3	4	4	4	1	266	59.80139	0	{3: 8, 2: 4, 0: 4}	{(3, 2): 2, (0, 3): 2, (3, 0): 2, (2, 3): 2}	{}	{}
Q8NAP3	72.00156	10	3	6	4	4	1	1195	44.608006	0	{0: 6, 3: 8, 2: 6}	{(0, 3): 2, (3, 0): 2, (0, 2): 1, (2, 0): 1, (2, 3): 2, (3, 2): 2}	{}	{}
O14753	71.97532	8	3	4	4	4	1	267	57.66308	0	{2: 4, 3: 8, 0: 4}	{(0, 3): 2, (3, 2): 2, (2, 3): 2, (3, 0): 2}	{}	{}
Q3SXZ3	71.71766	8	3	4	4	4	1	478	70.62451	0	{0: 4, 3: 8, 2: 4}	{(3, 2): 2, (2, 3): 2, (0, 3): 2, (3, 0): 2}	{}	{}
Q14585	71.47868	8	3	4	4	4	1	488	81.59667	0	{0: 4, 3: 8, 2: 4}	{(3, 0): 2, (3, 2): 2, (0, 3): 2, (2, 3): 2}	{}	{}
Q9NQZ8	71.455055	8	3	4	4	4	1	489	76.54897	0	{0: 4, 3: 8, 2: 4}	{(3, 2): 2, (2, 3): 2, (3, 0): 2, (0, 3): 2}	{}	{}
Q96KM6	71.40489	8	4	6	4	2	1	892	57.217716	0	{1: 2, 3: 2, 2: 6, 0: 6}	{(3, 0): 1, (0, 2): 2, (0, 3): 1, (2, 1): 1, (1, 2): 1, (2, 0): 2}	{}	{}
Q15937	71.244576	8	3	4	4	4	1	498	67.8586	0	{2: 4, 3: 8, 0: 4}	{(3, 2): 2, (0, 3): 2, (2, 3): 2, (3, 0): 2}	{}	{}
P98182	71.15605	8	3	6	4	2	1	395	50.018402	0	{3: 6, 0: 6, 2: 4}	{(0, 3): 2, (2, 0): 1, (0, 2): 1, (3, 0): 2, (3, 2): 1, (2, 3): 1}	{}	{}
Q96NJ6	71.15224	8	3	4	4	4	1	502	73.56114	0	{3: 8, 2: 4, 0: 4}	{(3, 0): 2, (3, 2): 2, (0, 3): 2, (2, 3): 2}	{}	{}
Q8TC21	71.106346	8	3	4	4	4	1	504	72.02098	0	{2: 4, 3: 8, 0: 4}	{(3, 2): 2, (0, 3): 2, (3, 0): 2, (2, 3): 2}	{}	{}
Q9HAZ2	71.055374	10	3	6	4	4	1	1276	50.297787	0	{2: 6, 3: 8, 0: 6}	{(2, 0): 1, (3, 0): 2, (2, 3): 2, (0, 3): 2, (3, 2): 2, (0, 2): 1}	{}	{}
Q9ULM2	70.54759	8	3	4	4	4	1	529	71.63276	0	{2: 4, 3: 8, 0: 4}	{(3, 0): 2, (2, 3): 2, (3, 2): 2, (0, 3): 2}	{}	{}
Q6ZNC4	70.445564	7	4	7	5	0	1	412	58.088238	0	{2: 2, 3: 4, 0: 3, 1: 5}	{(1, 3): 1, (3, 1): 1, (3, 0): 1, (1, 0): 1, (0, 3): 1, (1, 2): 1, (2, 1): 1}	{}	{}
Q8NF99	70.439026	8	3	4	4	4	1	534	67.15838	0	{0: 4, 3: 8, 2: 4}	{(3, 2): 2, (0, 3): 2, (3, 0): 2, (2, 3): 2}	{}	{}
Q8TAW3	70.439026	8	3	4	4	4	1	534	62.139946	0	{3: 8, 2: 4, 0: 4}	{(2, 3): 2, (3, 2): 2, (3, 0): 2, (0, 3): 2}	{}	{}
Q8WV37	70.41743	8	3	4	4	4	1	535	70.15804	0	{3: 8, 0: 4, 2: 4}	{(2, 3): 2, (3, 0): 2, (0, 3): 2, (3, 2): 2}	{}	{}
Q96I27	70.40177	8	3	4	4	4	1	306	75.68486	0	{2: 4, 3: 8, 0: 4}	{(2, 3): 2, (0, 3): 2, (3, 2): 2, (3, 0): 2}	{}	{}
Q99684	70.39293	8	3	6	4	2	1	422	57.417984	0	{0: 6, 3: 6, 2: 4}	{(2, 0): 1, (3, 0): 2, (2, 3): 1, (3, 2): 1, (0, 3): 2, (0, 2): 1}	{}	{}
Q6ZMS4	70.24612	8	3	4	4	4	1	543	69.77171	0	{3: 8, 2: 4, 0: 4}	{(3, 2): 2, (0, 3): 2, (3, 0): 2, (2, 3): 2}	{}	{}
Q5TEC3	70.20368	8	3	4	4	4	1	545	64.40761	0	{3: 8, 0: 4, 2: 4}	{(3, 0): 2, (0, 3): 2, (3, 2): 2, (2, 3): 2}	{}	{}
Q86Y25	70.014656	8	3	4	4	4	1	554	66.58596	0	{3: 8, 0: 4, 2: 4}	{(3, 2): 2, (3, 0): 2, (0, 3): 2, (2, 3): 2}	{}	{}
Q15911	69.95533	9	4	7	3	2	1	1400	53.918587	0	{2: 4, 3: 4, 1: 3, 0: 7}	{(2, 1): 1, (3, 0): 2, (0, 2): 1, (2, 0): 1, (1, 0): 1, (0, 3): 2, (1, 2): 1}	{}	{}
Q9NU63	69.6003	8	3	6	4	2	1	452	56.596977	0	{0: 6, 3: 6, 2: 4}	{(0, 3): 2, (0, 2): 1, (3, 0): 2, (3, 2): 1, (2, 0): 1, (2, 3): 1}	{}	{}
Q9P2F9	69.34274	8	3	4	2	4	1	582	64.403435	0	{0: 4, 3: 8, 2: 4}	{(3, 2): 2, (2, 3): 2, (3, 0): 2, (0, 3): 2}	{}	{}
Q96PQ6	69.19062	8	3	4	4	4	1	595	66.72346	0	{3: 8, 0: 4, 2: 4}	{(3, 0): 2, (3, 2): 2, (2, 3): 2, (0, 3): 2}	{}	{}
Q86UK7	69.186134	8	3	6	4	2	1	904	62.3609	0	{2: 6, 0: 4, 3: 6}	{(2, 0): 1, (3, 0): 1, (2, 3): 2, (0, 2): 1, (3, 2): 2, (0, 3): 1}	{}	{}
O14901	69.185425	8	4	6	2	2	1	512	47.697884	0	{0: 4, 2: 4, 1: 2, 3: 6}	{(2, 3): 1, (1, 2): 1, (2, 1): 1, (3, 0): 2, (3, 2): 1, (0, 3): 2}	{}	{}
Q96PE6	69.100586	8	3	6	4	2	1	472	74.12868	0	{3: 6, 2: 4, 0: 6}	{(3, 2): 1, (0, 2): 1, (0, 3): 2, (3, 0): 2, (2, 0): 1, (2, 3): 1}	{}	{}
Q08ER8	69.09403	8	3	4	4	4	1	600	68.25126	0	{2: 4, 0: 4, 3: 8}	{(0, 3): 2, (2, 3): 2, (3, 0): 2, (3, 2): 2}	{}	{}
P16415	68.90327	8	3	4	4	4	1	610	72.62583	0	{2: 4, 0: 4, 3: 8}	{(0, 3): 2, (3, 2): 2, (2, 3): 2, (3, 0): 2}	{}	{}
P56270	68.87612	8	3	6	2	2	1	477	58.09658	0	{0: 6, 3: 6, 2: 4}	{(0, 2): 1, (2, 0): 1, (2, 3): 1, (3, 2): 1, (0, 3): 2, (3, 0): 2}	{}	{}
P57071	68.65486	10	3	6	4	4	1	1507	49.159588	0	{0: 6, 3: 8, 2: 6}	{(2, 3): 2, (3, 2): 2, (2, 0): 1, (0, 2): 1, (3, 0): 2, (0, 3): 2}	{}	{}
O60765	68.60487	8	3	4	4	4	1	605	68.082565	0	{2: 6, 0: 2, 3: 8}	{(3, 0): 1, (3, 2): 3, (2, 3): 3, (0, 3): 1}	{}	{}
Q86VZ6	68.579506	6	4	6	2	0	1	243	68.98216	0	{2: 4, 1: 4, 3: 2, 0: 2}	{(1, 2): 1, (0, 2): 1, (2, 1): 1, (2, 0): 1, (1, 3): 1, (3, 1): 1}	{}	{}
Q96JG9	68.53126	8	3	4	4	4	1	1400	40.40491	0	{3: 6, 2: 2, 0: 8}	{(0, 2): 1, (2, 0): 1, (0, 3): 3, (3, 0): 3}	{}	{}
Q96K62	68.49072	8	3	6	2	2	1	511	62.53427	0	{2: 6, 3: 6, 0: 4}	{(3, 0): 1, (3, 2): 2, (0, 2): 1, (0, 3): 1, (2, 0): 1, (2, 3): 2}	{}	{}
Q6P9A3	68.34916	8	3	4	4	4	1	640	63.504936	0	{2: 4, 0: 4, 3: 8}	{(0, 3): 2, (3, 2): 2, (3, 0): 2, (2, 3): 2}	{}	{}
O75840	68.28824	7	4	7	5	0	1	302	53.101845	0	{0: 3, 1: 3, 3: 4, 2: 4}	{(0, 3): 1, (2, 1): 1, (3, 0): 1, (2, 3): 1, (3, 2): 1, (1, 0): 1, (1, 2): 1}	{}	{}
Q9H8N7	68.23136	7	4	7	5	0	1	513	58.018368	0	{2: 2, 0: 3, 3: 4, 1: 5}	{(1, 0): 1, (0, 3): 1, (1, 3): 1, (1, 2): 1, (2, 1): 1, (3, 1): 1, (3, 0): 1}	{}	{}
Q9Y2D9	68.14113	8	3	6	4	2	1	606	55.72744	0	{3: 6, 0: 4, 2: 6}	{(3, 0): 1, (0, 2): 1, (3, 2): 2, (0, 3): 1, (2, 3): 2, (2, 0): 1}	{}	{}
Q9UKT9	68.12671	8	3	6	2	2	1	509	48.731026	0	{0: 6, 2: 4, 3: 6}	{(3, 0): 2, (2, 0): 1, (0, 2): 1, (2, 3): 1, (0, 3): 2, (3, 2): 1}	{}	{}
P10071	68.094315	9	4	9	5	0	1	1580	42.296913	0	{0: 5, 2: 6, 3: 4, 1: 3}	{(0, 3): 1, (3, 2): 1, (2, 3): 1, (1, 0): 1, (1, 2): 1, (0, 2): 1, (3, 0): 1, (2, 1): 1, (2, 0): 1}	{}	{}
Q8IW03	67.916115	6	4	6	4	0	1	269	73.55509	0	{1: 4, 3: 4, 2: 2, 0: 2}	{(3, 0): 1, (0, 3): 1, (1, 3): 1, (1, 2): 1, (3, 1): 1, (2, 1): 1}	{}	{}
O15535	67.48447	8	3	4	4	4	1	394	64.06315	0	{3: 8, 2: 4, 0: 4}	{(3, 2): 2, (3, 0): 2, (2, 3): 2, (0, 3): 2}	{}	{}
P10074	67.41163	8	3	4	2	4	1	688	62.79535	0	{0: 4, 2: 4, 3: 8}	{(3, 0): 2, (0, 3): 2, (3, 2): 2, (2, 3): 2}	{}	{}
Q86YH2	67.38042	8	3	6	2	2	1	543	59.383385	0	{3: 6, 2: 4, 0: 6}	{(0, 3): 2, (0, 2): 1, (2, 0): 1, (3, 2): 1, (3, 0): 2, (2, 3): 1}	{}	{}
P17024	67.32608	8	3	6	4	2	1	532	72.72229	0	{0: 4, 2: 6, 3: 6}	{(0, 3): 1, (0, 2): 1, (2, 0): 1, (3, 0): 1, (2, 3): 2, (3, 2): 2}	{}	{}
Q7RTV3	67.26521	7	4	7	5	0	1	350	57.375553	0	{3: 6, 2: 2, 0: 3, 1: 3}	{(0, 3): 1, (1, 3): 1, (3, 2): 1, (1, 0): 1, (3, 0): 1, (3, 1): 1, (2, 3): 1}	{}	{}
Q6U7Q0	67.25247	8	3	4	4	4	1	402	74.61032	0	{0: 4, 3: 8, 2: 4}	{(0, 3): 2, (3, 2): 2, (2, 3): 2, (3, 0): 2}	{}	{}
Q6ZN11	67.13819	8	3	4	4	4	1	406	65.6842	0	{2: 4, 0: 4, 3: 8}	{(3, 0): 2, (3, 2): 2, (2, 3): 2, (0, 3): 2}	{}	{}
Q8NAF0	66.98348	8	3	6	2	2	1	562	60.2489	0	{3: 6, 0: 6, 2: 4}	{(3, 0): 2, (0, 3): 2, (2, 3): 1, (2, 0): 1, (0, 2): 1, (3, 2): 1}	{}	{}
O75541	66.96887	8	3	4	4	4	1	412	59.55234	0	{0: 4, 2: 4, 3: 8}	{(3, 0): 2, (3, 2): 2, (0, 3): 2, (2, 3): 2}	{}	{}
Q3ZCT1	66.96887	8	3	4	4	4	1	412	82.414185	0	{0: 4, 3: 8, 2: 4}	{(3, 0): 2, (0, 3): 2, (3, 2): 2, (2, 3): 2}	{}	{}
P57682	66.9439	7	4	7	5	0	1	345	53.076145	0	{1: 3, 0: 3, 3: 4, 2: 4}	{(1, 2): 1, (2, 3): 1, (2, 1): 1, (3, 2): 1, (1, 0): 1, (0, 3): 1, (3, 0): 1}	{}	{}
Q969W8	66.802	8	3	4	4	4	1	418	67.73381	0	{3: 8, 2: 4, 0: 4}	{(3, 2): 2, (0, 3): 2, (3, 0): 2, (2, 3): 2}	{}	{}
Q8N1W2	66.77977	8	3	6	6	2	1	664	60.0084	0	{0: 6, 2: 4, 3: 6}	{(0, 2): 1, (2, 0): 1, (0, 3): 2, (3, 2): 1, (2, 3): 1, (3, 0): 2}	{}	{}
Q6ZNG0	66.692085	8	3	4	4	4	1	422	65.87547	0	{2: 4, 0: 4, 3: 8}	{(2, 3): 2, (3, 0): 2, (3, 2): 2, (0, 3): 2}	{}	{}
Q8N988	66.66477	8	3	4	4	4	1	423	74.80535	0	{3: 8, 2: 4, 0: 4}	{(3, 2): 2, (3, 0): 2, (0, 3): 2, (2, 3): 2}	{}	{}
Q9H0M5	66.64238	8	3	4	4	4	1	742	71.347595	0	{3: 8, 2: 4, 0: 4}	{(0, 3): 2, (3, 2): 2, (3, 0): 2, (2, 3): 2}	{}	{}
Q96LX8	66.63751	8	3	4	4	4	1	424	48.714775	0	{0: 4, 3: 8, 2: 4}	{(2, 3): 2, (3, 2): 2, (3, 0): 2, (0, 3): 2}	{}	{}
Q5FWF6	66.61033	8	3	4	4	4	1	425	65.04188	0	{3: 8, 2: 4, 0: 4}	{(2, 3): 2, (0, 3): 2, (3, 0): 2, (3, 2): 2}	{}	{}
Q9NSD4	66.502205	8	3	4	4	4	1	429	72.12353	0	{3: 8, 2: 4, 0: 4}	{(3, 0): 2, (3, 2): 2, (0, 3): 2, (2, 3): 2}	{}	{}
Q8N859	66.47534	8	3	4	4	4	1	430	54.386066	0	{3: 8, 2: 4, 0: 4}	{(0, 3): 2, (3, 0): 2, (3, 2): 2, (2, 3): 2}	{}	{}
A1YPR0	66.277794	8	3	6	2	2	1	619	54.87739	0	{3: 6, 0: 4, 2: 6}	{(0, 2): 1, (3, 0): 1, (3, 2): 2, (0, 3): 1, (2, 3): 2, (2, 0): 1}	{}	{}
Q5JVG8	66.10556	8	3	4	4	4	1	444	68.630974	0	{3: 8, 0: 4, 2: 4}	{(3, 2): 2, (3, 0): 2, (0, 3): 2, (2, 3): 2}	{}	{}
Q9UC06	66.05369	8	3	4	4	4	1	446	72.17881	0	{3: 8, 0: 4, 2: 4}	{(3, 0): 2, (0, 3): 2, (3, 2): 2, (2, 3): 2}	{}	{}
Q499Z4	65.89945	8	3	4	4	4	1	452	75.99399	0	{3: 8, 2: 4, 0: 4}	{(0, 3): 2, (3, 0): 2, (2, 3): 2, (3, 2): 2}	{}	{}
Q9HAH1	65.79777	8	3	4	4	4	1	456	64.40801	0	{0: 4, 3: 8, 2: 4}	{(3, 0): 2, (3, 2): 2, (0, 3): 2, (2, 3): 2}	{}	{}
P17030	65.79777	8	3	4	4	4	1	456	78.0393	0	{3: 8, 0: 4, 2: 4}	{(0, 3): 2, (3, 0): 2, (3, 2): 2, (2, 3): 2}	{}	{}
Q8TBJ5	65.722084	8	3	4	4	4	1	459	52.78232	0	{0: 4, 2: 4, 3: 8}	{(2, 3): 2, (0, 3): 2, (3, 2): 2, (3, 0): 2}	{}	{}
Q8N9Z0	65.64689	8	3	4	4	4	1	462	64.37984	0	{3: 8, 2: 4, 0: 4}	{(3, 0): 2, (3, 2): 2, (0, 3): 2, (2, 3): 2}	{}	{}
Q96H40	65.62193	8	3	4	4	4	1	463	68.18478	0	{3: 8, 0: 4, 2: 4}	{(0, 3): 2, (3, 2): 2, (2, 3): 2, (3, 0): 2}	{}	{}
Q9NQX6	65.62193	8	3	4	4	4	1	463	75.44585	0	{2: 4, 0: 4, 3: 8}	{(3, 0): 2, (2, 3): 2, (3, 2): 2, (0, 3): 2}	{}	{}
Q9Y5A6	65.375305	8	3	4	4	4	1	473	65.767105	0	{0: 4, 2: 4, 3: 8}	{(2, 3): 2, (3, 2): 2, (0, 3): 2, (3, 0): 2}	{}	{}
Q9Y4X4	65.296875	7	4	7	3	0	1	402	49.82029	0	{0: 3, 1: 3, 3: 4, 2: 4}	{(3, 0): 1, (1, 2): 1, (2, 3): 1, (1, 0): 1, (0, 3): 1, (2, 1): 1, (3, 2): 1}	{}	{}
Q16670	65.253944	8	3	4	4	4	1	478	62.50269	0	{0: 4, 3: 8, 2: 4}	{(3, 0): 2, (2, 3): 2, (3, 2): 2, (0, 3): 2}	{}	{}
Q9UK11	65.15776	8	3	4	4	4	1	482	62.583393	0	{2: 4, 0: 4, 3: 8}	{(3, 0): 2, (0, 3): 2, (3, 2): 2, (2, 3): 2}	{}	{}
Q6NX45	65.13385	8	3	4	4	4	1	483	72.271996	0	{0: 4, 2: 4, 3: 8}	{(2, 3): 2, (3, 2): 2, (3, 0): 2, (0, 3): 2}	{}	{}
Q68DY9	64.99135	8	3	4	4	4	1	489	63.101357	0	{0: 4, 3: 8, 2: 4}	{(0, 3): 2, (3, 2): 2, (3, 0): 2, (2, 3): 2}	{}	{}
Q8N720	64.94425	8	3	4	4	4	1	491	52.59627	0	{3: 8, 0: 4, 2: 4}	{(3, 2): 2, (3, 0): 2, (0, 3): 2, (2, 3): 2}	{}	{}
Q6ZMY9	64.92076	8	3	4	4	4	1	492	67.339874	0	{3: 8, 2: 4, 0: 4}	{(2, 3): 2, (3, 0): 2, (3, 2): 2, (0, 3): 2}	{}	{}
A6NP11	64.8506	8	3	4	4	4	1	495	69.89591	0	{0: 4, 3: 8, 2: 4}	{(2, 3): 2, (3, 2): 2, (3, 0): 2, (0, 3): 2}	{}	{}
A6NGD5	64.82731	8	3	4	4	4	1	496	58.445396	0	{3: 8, 2: 4, 0: 4}	{(2, 3): 2, (3, 2): 2, (0, 3): 2, (3, 0): 2}	{}	{}
P0CG00	64.80406	8	3	4	4	4	1	497	52.641575	0	{2: 4, 3: 8, 0: 4}	{(3, 2): 2, (3, 0): 2, (2, 3): 2, (0, 3): 2}	{}	{}
Q8NDP4	64.757706	8	3	4	4	4	1	499	69.64615	0	{3: 8, 2: 4, 0: 4}	{(0, 3): 2, (2, 3): 2, (3, 0): 2, (3, 2): 2}	{}	{}
Q96CS4	64.734604	8	3	4	4	4	1	500	74.51101	0	{2: 4, 3: 8, 0: 4}	{(3, 0): 2, (0, 3): 2, (3, 2): 2, (2, 3): 2}	{}	{}
Q9HBE1	64.66555	8	3	6	2	2	1	687	51.56315	0	{0: 6, 3: 6, 2: 4}	{(0, 3): 2, (3, 0): 2, (2, 0): 1, (3, 2): 1, (2, 3): 1, (0, 2): 1}	{}	{}
Q9BS31	64.61976	8	3	4	4	4	1	505	68.66788	0	{2: 4, 0: 4, 3: 8}	{(0, 3): 2, (3, 0): 2, (3, 2): 2, (2, 3): 2}	{}	{}
Q96NG8	64.34872	8	3	4	4	4	1	517	62.689907	0	{3: 8, 2: 4, 0: 4}	{(0, 3): 2, (3, 0): 2, (2, 3): 2, (3, 2): 2}	{}	{}
Q8N9F8	64.23763	8	3	4	4	4	1	522	72.30913	0	{3: 8, 2: 4, 0: 4}	{(3, 0): 2, (2, 3): 2, (3, 2): 2, (0, 3): 2}	{}	{}
Q5VIY5	64.23763	8	3	4	4	4	1	522	64.28819	0	{2: 4, 0: 4, 3: 8}	{(2, 3): 2, (3, 2): 2, (3, 0): 2, (0, 3): 2}	{}	{}
P13682	64.1276	8	3	4	4	4	1	527	62.744137	0	{0: 4, 3: 8, 2: 4}	{(3, 2): 2, (2, 3): 2, (3, 0): 2, (0, 3): 2}	{}	{}
Q68DY1	64.10572	8	3	4	4	4	1	528	71.34892	0	{3: 8, 2: 4, 0: 4}	{(3, 2): 2, (3, 0): 2, (0, 3): 2, (2, 3): 2}	{}	{}
Q7Z3I7	64.08389	8	3	4	4	4	1	529	66.44138	0	{2: 4, 3: 8, 0: 4}	{(2, 3): 2, (0, 3): 2, (3, 0): 2, (3, 2): 2}	{}	{}
Q8NEM1	64.062096	8	3	4	4	4	1	530	68.71727	0	{2: 4, 0: 4, 3: 8}	{(3, 0): 2, (0, 3): 2, (3, 2): 2, (2, 3): 2}	{}	{}
C9JN71	64.04033	8	3	4	4	4	1	531	78.69708	0	{3: 8, 0: 4, 2: 4}	{(3, 0): 2, (2, 3): 2, (0, 3): 2, (3, 2): 2}	{}	{}
Q9P255	64.04033	8	3	4	4	4	1	531	73.8309	0	{2: 4, 0: 4, 3: 8}	{(0, 3): 2, (3, 2): 2, (2, 3): 2, (3, 0): 2}	{}	{}
Q8N141	64.018616	8	3	4	4	4	1	532	69.17028	0	{2: 4, 0: 4, 3: 8}	{(3, 0): 2, (2, 3): 2, (0, 3): 2, (3, 2): 2}	{}	{}
Q9HCL3	63.996944	8	3	4	4	4	1	533	70.62891	0	{3: 8, 0: 4, 2: 4}	{(3, 0): 2, (3, 2): 2, (2, 3): 2, (0, 3): 2}	{}	{}
Q8NEK5	63.996944	8	3	4	4	4	1	533	66.063736	0	{2: 4, 0: 4, 3: 8}	{(0, 3): 2, (3, 0): 2, (3, 2): 2, (2, 3): 2}	{}	{}
P17031	63.996944	8	3	4	4	4	1	533	73.55322	0	{2: 4, 3: 8, 0: 4}	{(0, 3): 2, (2, 3): 2, (3, 2): 2, (3, 0): 2}	{}	{}
O75123	63.932167	8	3	4	4	4	1	536	71.07896	0	{3: 8, 0: 4, 2: 4}	{(3, 0): 2, (2, 3): 2, (0, 3): 2, (3, 2): 2}	{}	{}
O75373	63.932167	8	3	4	4	4	1	536	75.39426	0	{0: 4, 3: 8, 2: 4}	{(2, 3): 2, (0, 3): 2, (3, 0): 2, (3, 2): 2}	{}	{}
Q12901	63.889183	8	3	4	4	4	1	538	66.12488	0	{0: 4, 3: 8, 2: 4}	{(0, 3): 2, (3, 2): 2, (2, 3): 2, (3, 0): 2}	{}	{}
Q8N9K5	63.867744	8	3	4	4	4	1	539	72.39515	0	{2: 4, 0: 4, 3: 8}	{(2, 3): 2, (3, 2): 2, (0, 3): 2, (3, 0): 2}	{}	{}
Q9H5H4	63.84635	8	3	4	4	4	1	540	64.16022	0	{3: 8, 0: 4, 2: 4}	{(3, 2): 2, (0, 3): 2, (2, 3): 2, (3, 0): 2}	{}	{}
Q6AW86	63.76118	8	3	4	4	4	1	544	63.861084	0	{2: 4, 3: 8, 0: 4}	{(0, 3): 2, (3, 0): 2, (2, 3): 2, (3, 2): 2}	{}	{}
Q15935	63.739975	8	3	4	4	4	1	545	68.1388	0	{0: 4, 3: 8, 2: 4}	{(3, 0): 2, (2, 3): 2, (3, 2): 2, (0, 3): 2}	{}	{}
P08151	63.706642	8	4	8	4	0	1	1106	45.311493	0	{2: 6, 1: 2, 0: 4, 3: 4}	{(2, 3): 1, (0, 3): 1, (3, 0): 1, (0, 2): 1, (2, 0): 1, (3, 2): 1, (2, 1): 1, (1, 2): 1}	{}	{}
Q14584	63.65558	8	3	4	4	4	1	549	69.2188	0	{0: 4, 3: 8, 2: 4}	{(3, 0): 2, (2, 3): 2, (0, 3): 2, (3, 2): 2}	{}	{}
Q494X3	63.59268	8	3	4	4	4	1	552	71.84444	0	{2: 4, 3: 8, 0: 4}	{(0, 3): 2, (2, 3): 2, (3, 2): 2, (3, 0): 2}	{}	{}
O75467	63.5718	8	3	4	4	4	1	553	63.50866	0	{2: 4, 0: 4, 3: 8}	{(0, 3): 2, (3, 0): 2, (2, 3): 2, (3, 2): 2}	{}	{}
O95201	63.550945	8	3	4	4	4	1	554	61.430317	0	{0: 4, 3: 8, 2: 4}	{(0, 3): 2, (3, 0): 2, (2, 3): 2, (3, 2): 2}	{}	{}
Q96N38	63.550945	8	3	4	4	4	1	554	67.72747	0	{0: 4, 3: 8, 2: 4}	{(2, 3): 2, (3, 0): 2, (0, 3): 2, (3, 2): 2}	{}	{}
Q9BUY5	63.550945	8	3	4	4	4	1	554	64.5206	0	{0: 4, 3: 8, 2: 4}	{(3, 0): 2, (3, 2): 2, (0, 3): 2, (2, 3): 2}	{}	{}
Q68EA5	63.530132	8	3	4	4	4	1	555	67.79522	0	{3: 8, 0: 4, 2: 4}	{(3, 2): 2, (3, 0): 2, (2, 3): 2, (0, 3): 2}	{}	{}
Q8N2I2	63.426617	8	3	4	4	4	1	560	60.098103	0	{3: 8, 0: 4, 2: 4}	{(0, 3): 2, (3, 2): 2, (2, 3): 2, (3, 0): 2}	{}	{}
Q6ZSB9	63.42436	8	3	6	2	2	1	765	53.21399	0	{3: 6, 2: 4, 0: 6}	{(3, 2): 1, (3, 0): 2, (0, 2): 1, (0, 3): 2, (2, 0): 1, (2, 3): 1}	{}	{}
O15015	63.41558	8	3	6	2	2	1	1832	50.23844	0	{3: 6, 0: 6, 2: 4}	{(3, 0): 2, (3, 2): 1, (0, 3): 2, (2, 3): 1, (0, 2): 1, (2, 0): 1}	{}	{}
P17032	63.40603	8	3	4	4	4	1	561	63.772503	0	{2: 4, 3: 8, 0: 4}	{(2, 3): 2, (0, 3): 2, (3, 2): 2, (3, 0): 2}	{}	{}
Q8TAF7	63.364952	8	3	4	4	4	1	563	64.31538	0	{3: 8, 2: 4, 0: 4}	{(3, 2): 2, (2, 3): 2, (0, 3): 2, (3, 0): 2}	{}	{}
Q8TD23	63.262905	8	3	4	4	4	1	568	71.302025	0	{3: 8, 0: 4, 2: 4}	{(3, 2): 2, (3, 0): 2, (0, 3): 2, (2, 3): 2}	{}	{}
Q9NW07	63.262905	8	3	4	4	4	1	568	63.63575	0	{2: 4, 0: 4, 3: 8}	{(2, 3): 2, (3, 0): 2, (0, 3): 2, (3, 2): 2}	{}	{}
P17010	63.2454	8	3	6	2	2	1	805	54.005024	0	{0: 4, 2: 6, 3: 6}	{(0, 3): 1, (2, 3): 2, (2, 0): 1, (0, 2): 1, (3, 0): 1, (3, 2): 2}	{}	{}
Q9H8G1	63.222332	8	3	4	4	4	1	570	71.11353	0	{0: 4, 2: 4, 3: 8}	{(2, 3): 2, (3, 2): 2, (0, 3): 2, (3, 0): 2}	{}	{}
Q6ZN08	63.161743	8	3	4	4	4	1	573	73.12171	0	{0: 4, 2: 4, 3: 8}	{(3, 2): 2, (2, 3): 2, (0, 3): 2, (3, 0): 2}	{}	{}
P17098	63.121532	8	3	4	4	4	1	575	56.74755	0	{3: 8, 2: 4, 0: 4}	{(3, 2): 2, (0, 3): 2, (3, 0): 2, (2, 3): 2}	{}	{}
Q3KP31	63.101482	8	3	4	4	4	1	576	81.27404	0	{0: 4, 3: 8, 2: 4}	{(0, 3): 2, (3, 0): 2, (2, 3): 2, (3, 2): 2}	{}	{}
Q15776	63.061474	8	3	4	4	4	1	578	63.957916	0	{2: 4, 0: 4, 3: 8}	{(3, 2): 2, (3, 0): 2, (0, 3): 2, (2, 3): 2}	{}	{}
Q15911	62.972572	8	4	6	4	2	1	1400	53.22426	0	{2: 2, 3: 6, 1: 4, 0: 4}	{(0, 3): 2, (2, 1): 1, (3, 1): 1, (3, 0): 2, (1, 3): 1, (1, 2): 1}	{}	{}
Q15911	62.972572	8	4	6	4	2	1	1400	57.049114	0	{2: 2, 3: 6, 1: 4, 0: 4}	{(0, 3): 2, (1, 3): 1, (3, 0): 2, (1, 2): 1, (2, 1): 1, (3, 1): 1}	{}	{}
Q9NQV7	62.95365	8	3	6	6	2	1	894	70.5037	0	{0: 4, 3: 6, 2: 6}	{(3, 2): 2, (2, 0): 1, (0, 3): 1, (2, 3): 2, (3, 0): 1, (0, 2): 1}	{}	{}
Q86XU0	62.942287	8	3	4	4	4	1	584	60.201538	0	{2: 4, 0: 4, 3: 8}	{(3, 0): 2, (2, 3): 2, (3, 2): 2, (0, 3): 2}	{}	{}
Q03936	62.90283	8	3	4	4	4	1	586	71.4215	0	{2: 4, 0: 4, 3: 8}	{(3, 0): 2, (3, 2): 2, (0, 3): 2, (2, 3): 2}	{}	{}
Q8N7Q3	62.863495	8	3	4	4	4	1	588	71.58921	0	{0: 4, 3: 8, 2: 4}	{(3, 2): 2, (3, 0): 2, (2, 3): 2, (0, 3): 2}	{}	{}
Q96N58	62.82431	8	3	4	4	4	1	590	64.369576	0	{3: 8, 0: 4, 2: 4}	{(3, 2): 2, (2, 3): 2, (0, 3): 2, (3, 0): 2}	{}	{}
Q8N782	62.731117	6	3	4	4	2	1	197	88.34988	0	{2: 4, 3: 6, 0: 2}	{(0, 3): 1, (3, 0): 1, (2, 3): 2, (3, 2): 2}	{}	{}
Q7Z7K2	62.72691	8	3	4	4	4	1	595	63.874134	0	{3: 8, 0: 4, 2: 4}	{(3, 0): 2, (3, 2): 2, (0, 3): 2, (2, 3): 2}	{}	{}
Q03923	62.72691	8	3	4	4	4	1	595	75.13008	0	{0: 4, 3: 8, 2: 4}	{(2, 3): 2, (3, 2): 2, (3, 0): 2, (0, 3): 2}	{}	{}
Q6P9A1	62.649582	8	3	4	4	4	1	599	66.366	0	{3: 8, 2: 4, 0: 4}	{(2, 3): 2, (3, 2): 2, (0, 3): 2, (3, 0): 2}	{}	{}
Q6P1L6	62.649582	8	3	4	4	4	1	599	66.51788	0	{2: 4, 0: 4, 3: 8}	{(0, 3): 2, (3, 0): 2, (3, 2): 2, (2, 3): 2}	{}	{}
Q9UKN5	62.60308	8	3	6	4	2	1	801	44.64991	0	{3: 6, 0: 4, 2: 6}	{(2, 0): 1, (0, 2): 1, (0, 3): 1, (2, 3): 2, (3, 0): 1, (3, 2): 2}	{}	{}
Q09FC8	62.572765	8	3	4	4	4	1	603	58.915714	0	{2: 4, 3: 8, 0: 4}	{(0, 3): 2, (2, 3): 2, (3, 2): 2, (3, 0): 2}	{}	{}
Q96RE9	62.553646	8	3	4	4	4	1	604	67.80716	0	{2: 4, 0: 4, 3: 8}	{(3, 0): 2, (2, 3): 2, (3, 2): 2, (0, 3): 2}	{}	{}
O43309	62.553646	8	3	4	4	4	1	604	66.35216	0	{0: 4, 2: 4, 3: 8}	{(3, 0): 2, (0, 3): 2, (3, 2): 2, (2, 3): 2}	{}	{}
Q7Z3V5	62.458492	8	3	4	4	4	1	609	74.84192	0	{3: 8, 0: 4, 2: 4}	{(3, 0): 2, (2, 3): 2, (0, 3): 2, (3, 2): 2}	{}	{}
Q9NPC7	62.439556	8	3	4	4	4	1	610	63.339855	0	{2: 4, 0: 4, 3: 8}	{(2, 3): 2, (3, 2): 2, (3, 0): 2, (0, 3): 2}	{}	{}
Q5HYK9	62.439556	8	3	4	4	4	1	610	70.65797	0	{3: 8, 2: 4, 0: 4}	{(3, 2): 2, (3, 0): 2, (2, 3): 2, (0, 3): 2}	{}	{}
Q96JG9	62.403877	8	3	4	4	4	1	1325	42.50638	0	{0: 8, 2: 4, 3: 4}	{(0, 3): 2, (0, 2): 2, (2, 0): 2, (3, 0): 2}	{}	{}
Q6ZN06	62.30786	8	3	4	4	4	1	617	65.75544	0	{0: 4, 3: 8, 2: 4}	{(0, 3): 2, (3, 2): 2, (2, 3): 2, (3, 0): 2}	{}	{}
Q96MX3	62.28917	8	3	4	4	4	1	618	62.48553	0	{0: 4, 3: 8, 2: 4}	{(3, 2): 2, (2, 3): 2, (0, 3): 2, (3, 0): 2}	{}	{}
Q96K58	62.27052	8	3	4	4	4	1	619	71.303894	0	{3: 8, 2: 4, 0: 4}	{(3, 0): 2, (0, 3): 2, (3, 2): 2, (2, 3): 2}	{}	{}
P35789	62.25189	8	3	4	4	4	1	620	74.73706	0	{3: 8, 2: 4, 0: 4}	{(0, 3): 2, (3, 0): 2, (3, 2): 2, (2, 3): 2}	{}	{}
P0DKX0	62.214718	8	3	4	4	4	1	622	68.732086	0	{3: 8, 2: 4, 0: 4}	{(2, 3): 2, (0, 3): 2, (3, 2): 2, (3, 0): 2}	{}	{}
P17039	62.196167	8	3	4	4	4	1	623	77.96048	0	{3: 8, 2: 4, 0: 4}	{(3, 0): 2, (3, 2): 2, (2, 3): 2, (0, 3): 2}	{}	{}
Q9BX82	62.140728	8	3	4	4	4	1	626	73.06035	0	{0: 4, 3: 8, 2: 4}	{(2, 3): 2, (3, 0): 2, (3, 2): 2, (0, 3): 2}	{}	{}
O43296	62.12231	8	3	4	4	4	1	627	64.93193	0	{0: 4, 3: 8, 2: 4}	{(0, 3): 2, (3, 0): 2, (3, 2): 2, (2, 3): 2}	{}	{}
Q9H7R0	62.12231	8	3	4	4	4	1	627	69.06366	0	{0: 4, 2: 4, 3: 8}	{(0, 3): 2, (3, 0): 2, (3, 2): 2, (2, 3): 2}	{}	{}
Q3MIS6	62.103912	8	3	4	4	4	1	628	69.17284	0	{2: 4, 0: 4, 3: 8}	{(0, 3): 2, (2, 3): 2, (3, 2): 2, (3, 0): 2}	{}	{}
A6NHJ4	62.030636	8	3	4	4	4	1	632	64.91697	0	{0: 4, 2: 4, 3: 8}	{(0, 3): 2, (3, 0): 2, (3, 2): 2, (2, 3): 2}	{}	{}
Q6PG37	61.95781	8	3	4	4	4	1	636	63.429256	0	{3: 8, 2: 4, 0: 4}	{(3, 0): 2, (2, 3): 2, (3, 2): 2, (0, 3): 2}	{}	{}
Q8TF47	61.95781	8	3	4	4	4	1	636	64.37741	0	{0: 4, 2: 4, 3: 8}	{(0, 3): 2, (3, 2): 2, (3, 0): 2, (2, 3): 2}	{}	{}
Q8N972	61.86743	8	3	4	4	4	1	641	80.64124	0	{0: 4, 2: 4, 3: 8}	{(3, 0): 2, (2, 3): 2, (0, 3): 2, (3, 2): 2}	{}	{}
Q8TD17	61.84945	8	3	4	4	4	1	642	59.724834	0	{2: 4, 0: 4, 3: 8}	{(0, 3): 2, (3, 2): 2, (2, 3): 2, (3, 0): 2}	{}	{}
Q32M78	61.84945	8	3	4	4	4	1	642	70.727776	0	{0: 4, 2: 4, 3: 8}	{(2, 3): 2, (3, 2): 2, (3, 0): 2, (0, 3): 2}	{}	{}
P17027	61.83148	8	3	4	4	4	1	643	70.999664	0	{0: 4, 2: 4, 3: 8}	{(2, 3): 2, (0, 3): 2, (3, 2): 2, (3, 0): 2}	{}	{}
Q16587	61.81355	8	3	4	4	4	1	644	65.35732	0	{2: 4, 0: 4, 3: 8}	{(3, 2): 2, (2, 3): 2, (0, 3): 2, (3, 0): 2}	{}	{}
Q96N22	61.795635	8	3	4	4	4	1	645	67.51005	0	{0: 4, 2: 4, 3: 8}	{(3, 2): 2, (2, 3): 2, (3, 0): 2, (0, 3): 2}	{}	{}
Q6ZR52	61.777756	8	3	4	4	4	1	646	79.52354	0	{3: 8, 2: 4, 0: 4}	{(0, 3): 2, (2, 3): 2, (3, 2): 2, (3, 0): 2}	{}	{}
Q8N184	61.75991	8	3	4	4	4	1	647	69.93729	0	{3: 8, 2: 4, 0: 4}	{(2, 3): 2, (3, 2): 2, (3, 0): 2, (0, 3): 2}	{}	{}
Q8IYB9	61.742077	8	3	4	4	4	1	648	76.10744	0	{3: 8, 0: 4, 2: 4}	{(0, 3): 2, (3, 2): 2, (3, 0): 2, (2, 3): 2}	{}	{}
Q0VGE8	61.688766	8	3	4	4	4	1	651	66.22416	0	{3: 8, 0: 4, 2: 4}	{(3, 0): 2, (2, 3): 2, (0, 3): 2, (3, 2): 2}	{}	{}
P52736	61.635708	8	3	4	4	4	1	654	72.63255	0	{3: 8, 2: 4, 0: 4}	{(3, 2): 2, (2, 3): 2, (0, 3): 2, (3, 0): 2}	{}	{}
Q2M218	61.582882	8	3	4	4	4	1	657	67.00926	0	{3: 8, 0: 4, 2: 4}	{(2, 3): 2, (0, 3): 2, (3, 0): 2, (3, 2): 2}	{}	{}
Q9HCX3	61.547802	8	3	4	4	4	1	659	65.0758	0	{2: 4, 0: 4, 3: 8}	{(2, 3): 2, (0, 3): 2, (3, 2): 2, (3, 0): 2}	{}	{}
P51508	61.51283	8	3	4	4	4	1	661	62.65751	0	{3: 8, 2: 4, 0: 4}	{(3, 2): 2, (2, 3): 2, (3, 0): 2, (0, 3): 2}	{}	{}
P15621	61.477962	8	3	4	4	4	1	663	65.95288	0	{3: 8, 0: 4, 2: 4}	{(3, 2): 2, (3, 0): 2, (0, 3): 2, (2, 3): 2}	{}	{}
Q86YE8	61.4432	8	3	4	4	4	1	665	75.202446	0	{0: 4, 3: 8, 2: 4}	{(0, 3): 2, (2, 3): 2, (3, 0): 2, (3, 2): 2}	{}	{}
Q96JL9	61.4432	8	3	4	4	4	1	665	57.80214	0	{3: 8, 2: 4, 0: 4}	{(3, 0): 2, (3, 2): 2, (2, 3): 2, (0, 3): 2}	{}	{}
Q08AG5	61.425854	8	3	4	4	4	1	666	52.447037	0	{0: 4, 3: 8, 2: 4}	{(0, 3): 2, (3, 0): 2, (3, 2): 2, (2, 3): 2}	{}	{}
Q5JNZ3	61.425854	8	3	4	4	4	1	666	63.610218	0	{2: 4, 0: 4, 3: 8}	{(3, 0): 2, (0, 3): 2, (3, 2): 2, (2, 3): 2}	{}	{}
Q7Z340	61.356735	8	3	4	4	4	1	670	65.04408	0	{2: 4, 3: 8, 0: 4}	{(3, 2): 2, (0, 3): 2, (3, 0): 2, (2, 3): 2}	{}	{}
A6NK53	61.356735	8	3	4	4	4	1	670	51.737244	0	{3: 8, 0: 4, 2: 4}	{(3, 0): 2, (3, 2): 2, (0, 3): 2, (2, 3): 2}	{}	{}
Q9BRH9	61.339523	8	3	4	4	4	1	671	63.02852	0	{0: 4, 3: 8, 2: 4}	{(0, 3): 2, (3, 2): 2, (2, 3): 2, (3, 0): 2}	{}	{}
Q9H0D2	61.337185	8	4	8	2	0	1	1346	43.874107	0	{1: 2, 3: 4, 0: 4, 2: 6}	{(0, 2): 1, (2, 3): 1, (0, 3): 1, (3, 0): 1, (2, 0): 1, (3, 2): 1, (1, 2): 1, (2, 1): 1}	{}	{}
Q05516	61.305176	8	3	4	4	4	1	673	52.392498	0	{3: 8, 0: 4, 2: 4}	{(3, 2): 2, (3, 0): 2, (2, 3): 2, (0, 3): 2}	{}	{}
Q76KX8	61.288048	8	3	4	4	4	1	674	67.61287	0	{0: 4, 3: 8, 2: 4}	{(0, 3): 2, (2, 3): 2, (3, 2): 2, (3, 0): 2}	{}	{}
Q86V71	61.288048	8	3	4	4	4	1	674	72.711845	0	{3: 8, 2: 4, 0: 4}	{(0, 3): 2, (2, 3): 2, (3, 2): 2, (3, 0): 2}	{}	{}
Q15911	61.27658	8	4	6	2	2	1	1400	56.245186	0	{3: 4, 1: 2, 2: 4, 0: 6}	{(1, 2): 1, (3, 0): 2, (0, 3): 2, (2, 0): 1, (0, 2): 1, (2, 1): 1}	{}	{}
Q15911	61.27658	8	4	6	2	2	1	1400	55.427803	0	{2: 4, 3: 4, 1: 2, 0: 6}	{(0, 2): 1, (2, 0): 1, (3, 0): 2, (1, 2): 1, (0, 3): 2, (2, 1): 1}	{}	{}
Q8TF45	61.25384	8	3	4	4	4	1	676	69.700806	0	{0: 4, 3: 8, 2: 4}	{(2, 3): 2, (3, 0): 2, (0, 3): 2, (3, 2): 2}	{}	{}
Q8N7M2	61.20274	8	3	4	4	4	1	679	62.185753	0	{0: 4, 3: 8, 2: 4}	{(3, 2): 2, (0, 3): 2, (3, 0): 2, (2, 3): 2}	{}	{}
Q02386	61.151855	8	3	4	4	4	1	682	66.858696	0	{0: 4, 2: 4, 3: 8}	{(3, 0): 2, (2, 3): 2, (3, 2): 2, (0, 3): 2}	{}	{}
P17020	61.151855	8	3	4	4	4	1	682	68.54422	0	{0: 4, 3: 8, 2: 4}	{(2, 3): 2, (3, 2): 2, (0, 3): 2, (3, 0): 2}	{}	{}
Q5MCW4	61.084362	8	3	4	4	4	1	686	76.20579	0	{0: 4, 3: 8, 2: 4}	{(3, 0): 2, (3, 2): 2, (2, 3): 2, (0, 3): 2}	{}	{}
P17097	61.084362	8	3	4	4	4	1	686	67.61442	0	{0: 4, 2: 4, 3: 8}	{(0, 3): 2, (3, 2): 2, (3, 0): 2, (2, 3): 2}	{}	{}
Q8TAQ5	61.050762	8	3	4	4	4	1	688	77.82728	0	{3: 8, 2: 4, 0: 4}	{(3, 2): 2, (2, 3): 2, (3, 0): 2, (0, 3): 2}	{}	{}
Q8NBF1	61.0242	7	4	7	5	0	1	620	52.842937	0	{3: 4, 1: 3, 2: 4, 0: 3}	{(3, 2): 1, (1, 0): 1, (1, 2): 1, (3, 0): 1, (2, 1): 1, (2, 3): 1, (0, 3): 1}	{}	{}
Q8N8Z8	60.96719	8	3	4	4	4	1	693	69.754814	0	{3: 8, 0: 4, 2: 4}	{(2, 3): 2, (3, 2): 2, (3, 0): 2, (0, 3): 2}	{}	{}
Q96SK3	60.917328	8	3	4	4	4	1	696	77.99622	0	{3: 8, 2: 4, 0: 4}	{(3, 0): 2, (0, 3): 2, (2, 3): 2, (3, 2): 2}	{}	{}
P17014	60.900757	8	3	4	4	4	1	697	70.36105	0	{3: 8, 2: 4, 0: 4}	{(3, 0): 2, (3, 2): 2, (2, 3): 2, (0, 3): 2}	{}	{}
Q9UK10	60.75268	8	3	4	4	4	1	706	69.550964	0	{3: 8, 0: 4, 2: 4}	{(0, 3): 2, (3, 2): 2, (3, 0): 2, (2, 3): 2}	{}	{}
P41182	60.75268	8	3	4	4	4	1	706	49.596355	0	{3: 8, 2: 4, 0: 4}	{(2, 3): 2, (3, 2): 2, (0, 3): 2, (3, 0): 2}	{}	{}
Q9NZL3	60.73635	8	3	4	4	4	1	707	70.99302	0	{3: 8, 2: 4, 0: 4}	{(0, 3): 2, (2, 3): 2, (3, 2): 2, (3, 0): 2}	{}	{}
Q9Y473	60.671234	8	3	4	4	4	1	711	59.98706	0	{2: 4, 0: 4, 3: 8}	{(3, 0): 2, (0, 3): 2, (2, 3): 2, (3, 2): 2}	{}	{}
O15060	60.65501	8	3	4	4	4	1	712	53.71108	0	{0: 4, 3: 8, 2: 4}	{(3, 0): 2, (2, 3): 2, (0, 3): 2, (3, 2): 2}	{}	{}
Q9NYW8	60.622643	8	3	4	4	4	1	714	65.92825	0	{3: 8, 2: 4, 0: 4}	{(3, 0): 2, (2, 3): 2, (3, 2): 2, (0, 3): 2}	{}	{}
A6NDX5	60.590355	8	3	4	4	4	1	716	66.867966	0	{3: 8, 2: 4, 0: 4}	{(0, 3): 2, (3, 2): 2, (2, 3): 2, (3, 0): 2}	{}	{}
Q6N043	60.577564	8	3	6	2	2	1	979	54.85303	0	{3: 6, 0: 6, 2: 4}	{(3, 0): 2, (2, 3): 1, (0, 3): 2, (0, 2): 1, (2, 0): 1, (3, 2): 1}	{}	{}
P17035	60.558163	8	3	4	4	4	1	718	68.67941	0	{2: 4, 0: 4, 3: 8}	{(3, 0): 2, (3, 2): 2, (2, 3): 2, (0, 3): 2}	{}	{}
P0CJ79	60.558163	8	3	4	4	4	1	718	69.46127	0	{3: 8, 2: 4, 0: 4}	{(3, 0): 2, (2, 3): 2, (3, 2): 2, (0, 3): 2}	{}	{}
Q9H9D4	60.52606	8	3	4	4	4	1	720	55.055996	0	{3: 8, 0: 4, 2: 4}	{(2, 3): 2, (3, 0): 2, (3, 2): 2, (0, 3): 2}	{}	{}
Q96SZ4	60.44619	8	3	4	4	4	1	725	65.65547	0	{3: 8, 2: 4, 0: 4}	{(0, 3): 2, (3, 0): 2, (3, 2): 2, (2, 3): 2}	{}	{}
P28698	60.303795	8	3	4	4	4	1	734	65.93448	0	{2: 4, 3: 8, 0: 4}	{(3, 2): 2, (3, 0): 2, (2, 3): 2, (0, 3): 2}	{}	{}
A6NNF4	60.24106	8	3	4	4	4	1	738	71.11552	0	{3: 8, 2: 4, 0: 4}	{(3, 2): 2, (0, 3): 2, (2, 3): 2, (3, 0): 2}	{}	{}
Q9P1Z0	60.18354	8	3	6	2	2	1	1013	50.481613	0	{0: 6, 3: 6, 2: 4}	{(3, 2): 1, (0, 3): 2, (0, 2): 1, (2, 3): 1, (2, 0): 1, (3, 0): 2}	{}	{}
Q14586	60.16313	8	3	4	4	4	1	743	61.509262	0	{3: 8, 0: 4, 2: 4}	{(2, 3): 2, (3, 0): 2, (0, 3): 2, (3, 2): 2}	{}	{}
Q8TF39	60.14761	8	3	4	4	4	1	744	64.90047	0	{0: 4, 3: 8, 2: 4}	{(3, 2): 2, (2, 3): 2, (3, 0): 2, (0, 3): 2}	{}	{}
Q86XN6	60.116623	8	3	4	4	4	1	746	67.82277	0	{0: 4, 3: 8, 2: 4}	{(3, 0): 2, (2, 3): 2, (0, 3): 2, (3, 2): 2}	{}	{}
Q96CX3	59.970535	6	3	4	4	2	1	271	90.41683	0	{3: 6, 2: 4, 0: 2}	{(3, 0): 1, (2, 3): 2, (3, 2): 2, (0, 3): 1}	{}	{}
Q8IVH2	59.888542	6	4	6	4	0	1	680	57.50201	0	{2: 2, 3: 4, 1: 4, 0: 2}	{(3, 1): 1, (1, 3): 1, (1, 2): 1, (0, 3): 1, (3, 0): 1, (2, 1): 1}	{}	{}
O95625	59.73657	8	3	6	2	2	1	1053	57.840202	0	{0: 6, 3: 6, 2: 4}	{(0, 2): 1, (0, 3): 2, (2, 3): 1, (3, 2): 1, (2, 0): 1, (3, 0): 2}	{}	{}
Q06732	59.631866	8	3	4	4	4	1	778	65.52582	0	{2: 4, 3: 8, 0: 4}	{(0, 3): 2, (3, 0): 2, (3, 2): 2, (2, 3): 2}	{}	{}
O43361	59.631866	8	3	4	4	4	1	778	59.109047	0	{3: 8, 0: 4, 2: 4}	{(3, 0): 2, (0, 3): 2, (2, 3): 2, (3, 2): 2}	{}	{}
Q08AN1	59.58745	8	3	4	4	4	1	781	70.85989	0	{0: 4, 3: 8, 2: 4}	{(3, 0): 2, (2, 3): 2, (0, 3): 2, (3, 2): 2}	{}	{}
Q8N393	59.572678	8	3	4	4	4	1	782	62.370743	0	{2: 4, 3: 8, 0: 4}	{(3, 2): 2, (3, 0): 2, (2, 3): 2, (0, 3): 2}	{}	{}
Q03112	59.561703	8	3	6	4	2	1	1230	50.51273	0	{0: 6, 3: 6, 2: 4}	{(0, 2): 1, (0, 3): 2, (3, 0): 2, (3, 2): 1, (2, 3): 1, (2, 0): 1}	{}	{}
Q02447	59.55282	7	3	5	5	2	1	781	37.67147	0	{1: 3, 3: 6, 0: 5}	{(1, 3): 1, (1, 0): 1, (3, 1): 1, (0, 3): 2, (3, 0): 2}	{}	{}
Q8N1G0	59.496204	8	3	6	4	2	1	1237	52.13704	0	{3: 6, 2: 4, 0: 6}	{(2, 0): 1, (2, 3): 1, (3, 2): 1, (3, 0): 2, (0, 3): 2, (0, 2): 1}	{}	{}
Q96MR9	59.45521	8	3	4	4	4	1	790	63.930676	0	{3: 8, 2: 4, 0: 4}	{(2, 3): 2, (3, 0): 2, (3, 2): 2, (0, 3): 2}	{}	{}
O15409	59.4541	6	4	6	4	0	1	715	58.69425	0	{2: 2, 3: 4, 0: 2, 1: 4}	{(2, 1): 1, (0, 3): 1, (1, 2): 1, (3, 0): 1, (3, 1): 1, (1, 3): 1}	{}	{}
Q8WXB4	59.426025	8	3	4	4	4	1	792	59.193077	0	{2: 4, 3: 8, 0: 4}	{(2, 3): 2, (3, 2): 2, (0, 3): 2, (3, 0): 2}	{}	{}
Q13105	59.26683	8	3	4	4	4	1	803	61.098995	0	{2: 4, 3: 8, 0: 4}	{(3, 0): 2, (0, 3): 2, (3, 2): 2, (2, 3): 2}	{}	{}
Q9C0D4	59.21812	8	3	6	4	2	1	1074	42.786304	0	{0: 4, 3: 6, 2: 6}	{(3, 0): 1, (2, 3): 2, (0, 3): 1, (3, 2): 2, (2, 0): 1, (0, 2): 1}	{}	{}
Q06730	59.166653	8	3	4	4	4	1	810	63.420044	0	{3: 8, 2: 4, 0: 4}	{(3, 2): 2, (0, 3): 2, (3, 0): 2, (2, 3): 2}	{}	{}
Q17R98	59.14314	8	3	6	4	2	1	1081	48.933628	0	{3: 6, 2: 6, 0: 4}	{(0, 3): 1, (2, 3): 2, (0, 2): 1, (3, 0): 1, (2, 0): 1, (3, 2): 2}	{}	{}
Q9HCG1	59.053223	8	3	4	4	4	1	818	69.09941	0	{2: 4, 0: 4, 3: 8}	{(3, 2): 2, (0, 3): 2, (3, 0): 2, (2, 3): 2}	{}	{}
P51814	59.01097	8	3	4	4	4	1	821	65.593254	0	{3: 8, 2: 4, 0: 4}	{(3, 2): 2, (0, 3): 2, (2, 3): 2, (3, 0): 2}	{}	{}
Q9Y508	58.99378	6	3	4	2	2	1	228	83.247025	0	{0: 6, 3: 4, 2: 2}	{(0, 3): 2, (3, 0): 2, (0, 2): 1, (2, 0): 1}	{}	{}
Q9UJW7	58.954876	8	3	4	4	4	1	825	63.433517	0	{0: 4, 2: 4, 3: 8}	{(3, 2): 2, (3, 0): 2, (0, 3): 2, (2, 3): 2}	{}	{}
Q9NQV6	58.85253	8	3	6	4	2	1	1147	55.339195	0	{3: 6, 2: 4, 0: 6}	{(2, 0): 1, (0, 2): 1, (0, 3): 2, (3, 2): 1, (3, 0): 2, (2, 3): 1}	{}	{}
Q9Y6R6	58.843502	8	3	4	4	4	1	833	71.740265	0	{0: 4, 2: 4, 3: 8}	{(3, 2): 2, (3, 0): 2, (0, 3): 2, (2, 3): 2}	{}	{}
Q86UE3	58.802002	8	3	4	4	4	1	836	73.9321	0	{2: 4, 0: 4, 3: 8}	{(0, 3): 2, (3, 2): 2, (3, 0): 2, (2, 3): 2}	{}	{}
Q9NRM2	58.734062	6	3	4	2	2	1	450	75.60391	0	{3: 2, 0: 6, 2: 4}	{(0, 3): 1, (3, 0): 1, (2, 0): 2, (0, 2): 2}	{}	{}
Q5JVG2	58.583202	8	3	4	4	4	1	852	60.077858	0	{0: 4, 3: 8, 2: 4}	{(3, 2): 2, (0, 3): 2, (3, 0): 2, (2, 3): 2}	{}	{}
B7Z6K7	58.542633	8	3	4	4	4	1	855	68.714165	0	{2: 4, 3: 8, 0: 4}	{(3, 0): 2, (3, 2): 2, (0, 3): 2, (2, 3): 2}	{}	{}
O60315	58.50373	8	3	6	2	2	1	1214	49.625492	0	{3: 6, 2: 6, 0: 4}	{(2, 0): 1, (3, 2): 2, (3, 0): 1, (0, 3): 1, (0, 2): 1, (2, 3): 2}	{}	{}
A8MXY4	58.42178	8	3	4	4	4	1	864	73.872734	0	{2: 4, 0: 4, 3: 8}	{(0, 3): 2, (2, 3): 2, (3, 2): 2, (3, 0): 2}	{}	{}
Q9P2J8	58.40843	8	3	4	4	4	1	865	70.44603	0	{0: 4, 3: 8, 2: 4}	{(2, 3): 2, (3, 0): 2, (0, 3): 2, (3, 2): 2}	{}	{}
Q86XF7	58.371284	6	3	4	2	2	1	245	73.9801	0	{2: 2, 0: 6, 3: 4}	{(2, 0): 1, (0, 2): 1, (3, 0): 2, (0, 3): 2}	{}	{}
Q8NHY6	58.36847	8	3	4	4	4	1	868	59.28444	0	{3: 8, 0: 4, 2: 4}	{(3, 2): 2, (0, 3): 2, (2, 3): 2, (3, 0): 2}	{}	{}
Q8WTR7	58.328644	8	3	4	4	4	1	871	59.14726	0	{0: 4, 2: 4, 3: 8}	{(3, 2): 2, (3, 0): 2, (2, 3): 2, (0, 3): 2}	{}	{}
O95863	58.031178	6	3	6	0	0	1	264	55.97435	0	{3: 4, 2: 4, 0: 4}	{(2, 3): 1, (3, 0): 1, (3, 2): 1, (0, 2): 1, (0, 3): 1, (2, 0): 1}	{}	{}
Q8NB50	57.950634	8	3	4	4	4	1	900	67.996864	0	{2: 4, 3: 8, 0: 4}	{(3, 0): 2, (3, 2): 2, (2, 3): 2, (0, 3): 2}	{}	{}
Q9BY31	57.899445	8	3	4	4	4	1	904	62.769135	0	{0: 4, 3: 8, 2: 4}	{(3, 0): 2, (0, 3): 2, (3, 2): 2, (2, 3): 2}	{}	{}
Q8TF20	57.81042	8	3	4	4	4	1	911	71.057884	0	{3: 8, 2: 4, 0: 4}	{(2, 3): 2, (3, 2): 2, (0, 3): 2, (3, 0): 2}	{}	{}
Q9UJU3	57.78512	8	3	4	4	4	1	913	54.611237	0	{3: 8, 0: 4, 2: 4}	{(0, 3): 2, (2, 3): 2, (3, 2): 2, (3, 0): 2}	{}	{}
Q6ZNA1	57.497955	8	3	4	4	4	1	936	69.66932	0	{0: 4, 3: 8, 2: 4}	{(2, 3): 2, (0, 3): 2, (3, 0): 2, (3, 2): 2}	{}	{}
Q2M1K9	57.447456	8	3	6	2	2	1	1284	60.08246	0	{3: 6, 2: 4, 0: 6}	{(2, 3): 1, (2, 0): 1, (3, 0): 2, (0, 3): 2, (3, 2): 1, (0, 2): 1}	{}	{}
Q9BXA9	57.407364	8	3	6	4	2	1	1300	49.298252	0	{0: 6, 2: 4, 3: 6}	{(0, 3): 2, (2, 3): 1, (0, 2): 1, (3, 2): 1, (2, 0): 1, (3, 0): 2}	{}	{}
Q14587	57.36312	8	3	4	4	4	1	947	67.8137	0	{2: 4, 0: 4, 3: 8}	{(0, 3): 2, (3, 2): 2, (2, 3): 2, (3, 0): 2}	{}	{}
P0C7X2	57.339973	6	3	4	2	2	1	276	59.284073	0	{0: 6, 3: 4, 2: 2}	{(3, 0): 2, (0, 2): 1, (2, 0): 1, (0, 3): 2}	{}	{}
Q96K83	57.20727	8	3	6	2	2	1	1311	58.81954	0	{3: 6, 2: 4, 0: 6}	{(2, 3): 1, (3, 0): 2, (0, 3): 2, (3, 2): 1, (0, 2): 1, (2, 0): 1}	{}	{}
Q9NSC2	57.196228	8	3	6	4	2	1	1324	49.009384	0	{2: 4, 0: 6, 3: 6}	{(2, 0): 1, (3, 0): 2, (0, 3): 2, (3, 2): 1, (0, 2): 1, (2, 3): 1}	{}	{}
Q63HK3	57.12191	8	3	4	4	4	1	967	50.657974	0	{2: 4, 0: 4, 3: 8}	{(0, 3): 2, (3, 0): 2, (3, 2): 2, (2, 3): 2}	{}	{}
Q96IR2	57.08615	8	3	4	4	4	1	970	70.03348	0	{3: 8, 2: 4, 0: 4}	{(2, 3): 2, (3, 2): 2, (3, 0): 2, (0, 3): 2}	{}	{}
Q8NDX6	56.83837	6	3	4	4	2	1	193	64.31834	0	{3: 6, 2: 2, 0: 4}	{(0, 3): 2, (3, 2): 1, (3, 0): 2, (2, 3): 1}	{}	{}
Q8N554	56.777336	6	4	6	2	0	1	614	55.150085	0	{1: 2, 2: 6, 0: 2, 3: 2}	{(2, 1): 1, (2, 0): 1, (1, 2): 1, (3, 2): 1, (2, 3): 1, (0, 2): 1}	{}	{}
Q96LW9	56.471413	6	3	4	4	2	1	406	67.97114	0	{0: 2, 3: 6, 2: 4}	{(3, 2): 2, (2, 3): 2, (0, 3): 1, (3, 0): 1}	{}	{}
O14709	56.40466	8	3	4	4	4	1	1029	66.49176	0	{3: 8, 2: 4, 0: 4}	{(3, 0): 2, (2, 3): 2, (3, 2): 2, (0, 3): 2}	{}	{}
B7ZLF3	56.401085	6	3	4	4	2	1	203	74.5656	0	{3: 6, 2: 2, 0: 4}	{(0, 3): 2, (2, 3): 1, (3, 2): 1, (3, 0): 2}	{}	{}
Q96L73	56.398434	7	4	7	3	0	1	2696	44.814816	0	{1: 5, 0: 3, 2: 2, 3: 4}	{(3, 0): 1, (2, 1): 1, (0, 3): 1, (1, 3): 1, (3, 1): 1, (1, 0): 1, (1, 2): 1}	{}	{}
P17040	56.248688	8	3	4	4	4	1	1043	54.873795	0	{0: 4, 3: 8, 2: 4}	{(0, 3): 2, (3, 0): 2, (3, 2): 2, (2, 3): 2}	{}	{}
Q96F45	56.108765	6	4	6	4	0	1	646	47.632687	0	{3: 4, 0: 2, 2: 2, 1: 4}	{(0, 3): 1, (1, 2): 1, (2, 1): 1, (3, 1): 1, (1, 3): 1, (3, 0): 1}	{}	{}
O00110	55.944305	6	3	4	4	2	1	214	68.81664	0	{3: 6, 0: 4, 2: 2}	{(3, 0): 2, (3, 2): 1, (2, 3): 1, (0, 3): 2}	{}	{}
A8MQ14	55.739975	8	3	4	4	4	1	1090	71.11443	0	{2: 4, 3: 8, 0: 4}	{(0, 3): 2, (3, 0): 2, (3, 2): 2, (2, 3): 2}	{}	{}
Q9GZU2	54.994923	8	3	6	2	2	1	1588	45.917713	0	{0: 6, 2: 4, 3: 6}	{(3, 0): 2, (0, 3): 2, (2, 0): 1, (2, 3): 1, (3, 2): 1, (0, 2): 1}	{}	{}
Q05481	54.71722	8	3	4	4	4	1	1191	70.88303	0	{0: 4, 3: 8, 2: 4}	{(3, 2): 2, (0, 3): 2, (3, 0): 2, (2, 3): 2}	{}	{}
Q92766	54.296932	8	3	6	2	2	1	1687	47.690235	0	{3: 6, 0: 6, 2: 4}	{(0, 3): 2, (3, 2): 1, (3, 0): 2, (0, 2): 1, (2, 0): 1, (2, 3): 1}	{}	{}
Q8N3J9	54.22567	6	3	4	4	2	1	261	91.67577	0	{3: 6, 0: 4, 2: 2}	{(2, 3): 1, (3, 0): 2, (0, 3): 2, (3, 2): 1}	{}	{}
A6NN14	54.140728	8	3	4	4	4	1	1252	69.45652	0	{0: 4, 2: 4, 3: 8}	{(0, 3): 2, (3, 0): 2, (2, 3): 2, (3, 2): 2}	{}	{}
O43623	53.996574	6	3	4	4	2	1	268	62.185978	0	{3: 6, 2: 2, 0: 4}	{(3, 2): 1, (3, 0): 2, (0, 3): 2, (2, 3): 1}	{}	{}
Q8TBZ5	53.93866	6	3	4	4	2	1	544	73.75164	0	{0: 2, 3: 6, 2: 4}	{(0, 3): 1, (3, 0): 1, (2, 3): 2, (3, 2): 2}	{}	{}
O43345	53.88546	8	3	4	4	4	1	1280	70.16134	0	{0: 4, 3: 8, 2: 4}	{(0, 3): 2, (3, 2): 2, (2, 3): 2, (3, 0): 2}	{}	{}
P51504	53.836563	6	3	4	4	2	1	273	80.58269	0	{3: 6, 2: 2, 0: 4}	{(0, 3): 2, (2, 3): 1, (3, 2): 1, (3, 0): 2}	{}	{}
P17041	53.836563	6	3	4	4	2	1	273	78.6286	0	{3: 6, 0: 4, 2: 2}	{(2, 3): 1, (3, 2): 1, (3, 0): 2, (0, 3): 2}	{}	{}
Q9BRP0	53.77338	6	3	4	4	2	1	275	61.719135	0	{3: 6, 0: 4, 2: 2}	{(3, 2): 1, (3, 0): 2, (2, 3): 1, (0, 3): 2}	{}	{}
O15090	53.706512	8	3	4	4	4	1	1300	47.57856	0	{3: 8, 0: 4, 2: 4}	{(3, 2): 2, (2, 3): 2, (3, 0): 2, (0, 3): 2}	{}	{}
Q3KNW1	53.25416	6	3	4	4	2	1	292	59.1754	0	{0: 4, 3: 6, 2: 2}	{(3, 0): 2, (2, 3): 1, (3, 2): 1, (0, 3): 2}	{}	{}
P0CI00	53.020195	6	3	4	4	2	1	300	59.845028	0	{3: 6, 0: 4, 2: 2}	{(3, 2): 1, (2, 3): 1, (0, 3): 2, (3, 0): 2}	{}	{}
A8MUZ8	52.91735	6	3	4	2	2	1	300	65.85206	0	{2: 2, 3: 6, 0: 4}	{(2, 3): 1, (0, 3): 2, (3, 2): 1, (3, 0): 2}	{}	{}
Q6ZN79	52.91735	6	3	4	2	2	1	300	64.21651	0	{0: 4, 2: 2, 3: 6}	{(3, 2): 1, (2, 3): 1, (0, 3): 2, (3, 0): 2}	{}	{}
Q8N2R0	52.680695	6	3	4	4	2	1	312	60.16205	0	{3: 6, 2: 2, 0: 4}	{(3, 0): 2, (2, 3): 1, (3, 2): 1, (0, 3): 2}	{}	{}
Q5VV52	52.597862	6	3	4	4	2	1	315	71.02136	0	{2: 2, 3: 6, 0: 4}	{(2, 3): 1, (0, 3): 2, (3, 0): 2, (3, 2): 1}	{}	{}
Q7L3S4	52.54307	6	3	4	4	2	1	317	80.75794	0	{2: 2, 0: 4, 3: 6}	{(3, 2): 1, (3, 0): 2, (2, 3): 1, (0, 3): 2}	{}	{}
Q8IZ20	52.523727	6	4	6	2	0	1	524	49.160866	0	{2: 4, 0: 2, 3: 4, 1: 2}	{(3, 2): 1, (1, 2): 1, (2, 1): 1, (0, 3): 1, (2, 3): 1, (3, 0): 1}	{}	{}
Q8NCA9	52.380768	6	3	4	4	2	1	323	63.12183	0	{0: 4, 3: 6, 2: 2}	{(3, 2): 1, (2, 3): 1, (0, 3): 2, (3, 0): 2}	{}	{}
Q96ME7	52.23442	6	4	4	2	2	1	567	63.414936	0	{3: 4, 0: 4, 1: 2, 2: 2}	{(0, 3): 2, (2, 1): 1, (1, 2): 1, (3, 0): 2}	{}	{}
Q96N95	51.96216	6	3	4	2	2	1	335	57.55161	0	{3: 6, 0: 4, 2: 2}	{(0, 3): 2, (3, 2): 1, (2, 3): 1, (3, 0): 2}	{}	{}
Q9BUZ4	51.90297	5	3	3	3	2	1	470	91.629486	0	{2: 4, 1: 1, 0: 5}	{(1, 0): 1, (0, 2): 2, (2, 0): 2}	{}	{}
Q96MN9	51.833916	6	3	4	2	2	1	340	55.678764	0	{2: 2, 0: 4, 3: 6}	{(2, 3): 1, (3, 2): 1, (3, 0): 2, (0, 3): 2}	{}	{}
Q9BT49	51.69841	5	3	5	3	0	1	309	69.60739	0	{3: 4, 0: 3, 1: 3}	{(3, 0): 1, (1, 3): 1, (0, 3): 1, (3, 1): 1, (1, 0): 1}	{}	{}
P59817	51.498222	6	3	4	2	2	1	542	60.13369	0	{2: 2, 0: 6, 3: 4}	{(0, 3): 2, (3, 0): 2, (2, 0): 1, (0, 2): 1}	{}	{}
O95600	51.46607	6	3	4	4	2	1	359	49.151325	0	{2: 2, 0: 4, 3: 6}	{(2, 3): 1, (3, 0): 2, (0, 3): 2, (3, 2): 1}	{}	{}
Q96C28	51.181454	6	3	4	4	2	1	371	69.05228	0	{0: 4, 3: 6, 2: 2}	{(3, 0): 2, (2, 3): 1, (0, 3): 2, (3, 2): 1}	{}	{}
P17028	51.14889	6	3	4	2	2	1	368	66.36662	0	{0: 4, 2: 2, 3: 6}	{(0, 3): 2, (3, 0): 2, (3, 2): 1, (2, 3): 1}	{}	{}
Q9H7X3	51.111748	6	3	4	4	2	1	374	73.89417	0	{0: 4, 3: 6, 2: 2}	{(3, 0): 2, (0, 3): 2, (2, 3): 1, (3, 2): 1}	{}	{}
P10075	51.06557	6	3	4	4	2	1	376	63.825478	0	{3: 6, 2: 2, 0: 4}	{(3, 0): 2, (2, 3): 1, (0, 3): 2, (3, 2): 1}	{}	{}
Q5T5D7	51.019653	6	3	4	4	2	1	378	71.310905	0	{3: 6, 2: 2, 0: 4}	{(3, 2): 1, (0, 3): 2, (3, 0): 2, (2, 3): 1}	{}	{}
P0CG24	50.99678	6	3	4	4	2	1	379	89.9048	0	{3: 6, 0: 4, 2: 2}	{(0, 3): 2, (3, 2): 1, (3, 0): 2, (2, 3): 1}	{}	{}
Q9BS34	50.771355	6	3	4	4	2	1	389	67.559456	0	{0: 4, 3: 6, 2: 2}	{(3, 2): 1, (3, 0): 2, (2, 3): 1, (0, 3): 2}	{}	{}
Q3MJ62	50.771355	6	3	4	4	2	1	389	64.484795	0	{3: 6, 2: 2, 0: 4}	{(3, 0): 2, (0, 3): 2, (2, 3): 1, (3, 2): 1}	{}	{}
P58317	50.749123	6	3	4	4	2	1	390	68.26402	0	{2: 2, 0: 4, 3: 6}	{(0, 3): 2, (2, 3): 1, (3, 2): 1, (3, 0): 2}	{}	{}
Q0D2J5	50.660793	6	3	4	4	2	1	394	67.63468	0	{3: 6, 0: 4, 2: 2}	{(0, 3): 2, (3, 2): 1, (3, 0): 2, (2, 3): 1}	{}	{}
A0A1W2PQL4	50.48995	6	3	4	4	2	1	384	69.14677	0	{2: 4, 0: 2, 3: 6}	{(0, 3): 1, (3, 2): 2, (3, 0): 1, (2, 3): 2}	{}	{}
Q8IVP9	50.486797	6	3	4	4	2	1	402	68.06597	0	{0: 4, 3: 6, 2: 2}	{(0, 3): 2, (3, 0): 2, (2, 3): 1, (3, 2): 1}	{}	{}
Q9NXT0	50.486797	6	3	4	4	2	1	402	72.65843	0	{3: 6, 0: 4, 2: 2}	{(0, 3): 2, (3, 0): 2, (2, 3): 1, (3, 2): 1}	{}	{}
Q96NG5	50.486797	6	3	4	4	2	1	402	73.013	0	{3: 6, 2: 2, 0: 4}	{(0, 3): 2, (2, 3): 1, (3, 0): 2, (3, 2): 1}	{}	{}
A8K8V0	50.422436	6	3	4	4	2	1	405	62.766777	0	{3: 6, 2: 2, 0: 4}	{(3, 0): 2, (3, 2): 1, (2, 3): 1, (0, 3): 2}	{}	{}
Q96JB3	50.404457	6	3	4	2	2	1	615	50.40273	0	{2: 2, 0: 6, 3: 4}	{(2, 0): 1, (0, 2): 1, (0, 3): 2, (3, 0): 2}	{}	{}
Q6P2D0	50.379795	6	3	4	4	2	1	407	65.18713	0	{3: 6, 0: 4, 2: 2}	{(3, 0): 2, (2, 3): 1, (0, 3): 2, (3, 2): 1}	{}	{}
Q8N895	50.374516	6	3	4	4	2	1	744	57.163967	0	{2: 2, 0: 6, 3: 4}	{(2, 0): 1, (3, 0): 2, (0, 2): 1, (0, 3): 2}	{}	{}
P0CB33	50.2741	6	3	4	4	2	1	412	68.3006	0	{0: 4, 3: 6, 2: 2}	{(3, 2): 1, (3, 0): 2, (2, 3): 1, (0, 3): 2}	{}	{}
A6NM28	50.190468	6	3	4	4	2	1	416	72.55036	0	{0: 4, 2: 2, 3: 6}	{(0, 3): 2, (3, 0): 2, (3, 2): 1, (2, 3): 1}	{}	{}
Q96K75	50.13659	6	3	4	4	2	1	400	64.68486	0	{3: 6, 2: 4, 0: 2}	{(3, 0): 1, (2, 3): 2, (3, 2): 2, (0, 3): 1}	{}	{}
Q9H5V7	50.128265	6	3	4	4	2	1	419	52.272835	0	{0: 4, 3: 6, 2: 2}	{(2, 3): 1, (3, 0): 2, (3, 2): 1, (0, 3): 2}	{}	{}
E7ETH6	50.093414	6	3	4	4	2	1	402	50.784946	0	{2: 4, 0: 2, 3: 6}	{(3, 0): 1, (3, 2): 2, (0, 3): 1, (2, 3): 2}	{}	{}
Q8IVC4	50.08705	6	3	4	4	2	1	421	63.41982	0	{0: 4, 3: 6, 2: 2}	{(0, 3): 2, (3, 2): 1, (2, 3): 1, (3, 0): 2}	{}	{}
B2RXF5	50.066513	6	3	4	4	2	1	422	48.348045	0	{0: 4, 2: 2, 3: 6}	{(3, 2): 1, (0, 3): 2, (2, 3): 1, (3, 0): 2}	{}	{}
Q86T24	50.04648	6	3	6	2	0	1	672	55.02495	0	{0: 4, 3: 4, 2: 4}	{(0, 2): 1, (0, 3): 1, (3, 0): 1, (2, 0): 1, (2, 3): 1, (3, 2): 1}	{}	{}
Q15916	50.02558	6	3	4	4	2	1	424	58.159134	0	{3: 6, 2: 2, 0: 4}	{(3, 0): 2, (0, 3): 2, (2, 3): 1, (3, 2): 1}	{}	{}
Q92670	49.984848	6	3	4	4	2	1	426	60.802593	0	{0: 4, 3: 6, 2: 2}	{(0, 3): 2, (3, 0): 2, (3, 2): 1, (2, 3): 1}	{}	{}
Q6V9R5	49.984848	6	3	4	4	2	1	426	60.295635	0	{3: 6, 0: 4, 2: 2}	{(0, 3): 2, (2, 3): 1, (3, 0): 2, (3, 2): 1}	{}	{}
B4DX44	49.964554	6	3	4	4	2	1	427	71.801674	0	{2: 2, 3: 6, 0: 4}	{(0, 3): 2, (3, 0): 2, (2, 3): 1, (3, 2): 1}	{}	{}
Q8IYX0	49.901756	6	3	4	4	2	1	411	70.936295	0	{2: 4, 0: 2, 3: 6}	{(0, 3): 1, (2, 3): 2, (3, 0): 1, (3, 2): 2}	{}	{}
Q96JM2	49.83236	8	3	6	4	2	1	2506	49.372017	0	{0: 6, 3: 6, 2: 4}	{(0, 2): 1, (3, 0): 2, (2, 3): 1, (2, 0): 1, (0, 3): 2, (3, 2): 1}	{}	{}
Q13106	49.76417	6	3	4	4	2	1	437	70.47878	0	{0: 4, 3: 6, 2: 2}	{(2, 3): 1, (3, 0): 2, (0, 3): 2, (3, 2): 1}	{}	{}
Q8N8L2	49.76417	6	3	4	4	2	1	437	76.397255	0	{0: 4, 3: 6, 2: 2}	{(0, 3): 2, (2, 3): 1, (3, 0): 2, (3, 2): 1}	{}	{}
Q9UPQ7	49.72756	5	3	5	1	0	1	1066	62.941837	0	{1: 3, 2: 4, 0: 3}	{(1, 2): 1, (0, 2): 1, (2, 0): 1, (2, 1): 1, (1, 0): 1}	{}	{}
Q6PK81	49.665688	6	3	4	4	2	1	442	70.09951	0	{3: 6, 2: 2, 0: 4}	{(0, 3): 2, (3, 0): 2, (2, 3): 1, (3, 2): 1}	{}	{}
Q96N77	49.641544	6	3	4	2	2	1	438	50.8343	0	{3: 6, 0: 4, 2: 2}	{(3, 0): 2, (3, 2): 1, (0, 3): 2, (2, 3): 1}	{}	{}
P17036	49.587715	6	3	4	4	2	1	446	63.927002	0	{2: 2, 0: 4, 3: 6}	{(2, 3): 1, (3, 2): 1, (0, 3): 2, (3, 0): 2}	{}	{}
Q9HCK0	49.582462	6	3	4	2	2	1	441	44.673637	0	{0: 4, 2: 2, 3: 6}	{(0, 3): 2, (3, 0): 2, (3, 2): 1, (2, 3): 1}	{}	{}
Q9NSJ1	49.550926	6	3	4	4	2	1	428	73.01929	0	{2: 4, 3: 6, 0: 2}	{(2, 3): 2, (3, 2): 2, (3, 0): 1, (0, 3): 1}	{}	{}
Q3KNS6	49.470398	6	3	4	4	2	1	432	72.77219	0	{0: 2, 2: 4, 3: 6}	{(3, 0): 1, (0, 3): 1, (2, 3): 2, (3, 2): 2}	{}	{}
Q9NR83	49.374966	5	3	5	5	0	1	387	59.330326	0	{0: 3, 3: 4, 1: 3}	{(1, 0): 1, (3, 0): 1, (1, 3): 1, (3, 1): 1, (0, 3): 1}	{}	{}
Q16600	49.357883	6	3	4	4	2	1	458	62.41312	0	{3: 6, 2: 2, 0: 4}	{(2, 3): 1, (3, 2): 1, (0, 3): 2, (3, 0): 2}	{}	{}
Q6ZN57	49.30137	6	3	4	4	2	1	461	79.38624	0	{0: 4, 2: 2, 3: 6}	{(3, 2): 1, (3, 0): 2, (0, 3): 2, (2, 3): 1}	{}	{}
Q96BR6	49.245224	6	3	4	4	2	1	464	64.5613	0	{0: 4, 2: 2, 3: 6}	{(3, 2): 1, (3, 0): 2, (2, 3): 1, (0, 3): 2}	{}	{}
O43829	49.136295	6	3	4	4	2	1	449	52.12775	0	{0: 2, 2: 4, 3: 6}	{(2, 3): 2, (3, 2): 2, (0, 3): 1, (3, 0): 1}	{}	{}
Q9C0F3	49.134003	6	3	4	4	2	1	470	77.06714	0	{0: 4, 3: 6, 2: 2}	{(3, 0): 2, (2, 3): 1, (0, 3): 2, (3, 2): 1}	{}	{}
Q9H334	48.99518	5	4	5	3	0	1	677	56.314716	0	{2: 2, 3: 2, 0: 3, 1: 3}	{(2, 1): 1, (1, 0): 1, (0, 3): 1, (3, 0): 1, (1, 2): 1}	{}	{}
Q9NR11	48.987907	6	3	4	4	2	1	478	60.01158	0	{3: 6, 2: 2, 0: 4}	{(3, 0): 2, (2, 3): 1, (3, 2): 1, (0, 3): 2}	{}	{}
Q9H582	48.979652	6	3	4	2	2	1	1327	46.63783	0	{2: 6, 3: 2, 0: 4}	{(3, 2): 1, (0, 2): 2, (2, 0): 2, (2, 3): 1}	{}	{}
Q8N143	48.969814	6	3	4	4	2	1	479	51.383114	0	{3: 6, 0: 4, 2: 2}	{(3, 0): 2, (3, 2): 1, (0, 3): 2, (2, 3): 1}	{}	{}
O60304	48.95176	6	3	4	4	2	1	480	59.554115	0	{0: 4, 3: 6, 2: 2}	{(3, 0): 2, (0, 3): 2, (2, 3): 1, (3, 2): 1}	{}	{}
A0PJY2	48.939564	6	3	4	2	2	1	475	55.89882	0	{3: 6, 0: 4, 2: 2}	{(3, 0): 2, (3, 2): 1, (2, 3): 1, (0, 3): 2}	{}	{}
Q7L945	48.907986	6	3	4	4	2	1	461	69.6987	0	{0: 2, 3: 6, 2: 4}	{(2, 3): 2, (3, 2): 2, (3, 0): 1, (0, 3): 1}	{}	{}
Q8NCN2	48.904835	6	3	4	2	2	1	500	53.98492	0	{3: 6, 0: 2, 2: 4}	{(3, 2): 2, (0, 3): 1, (2, 3): 2, (3, 0): 1}	{}	{}
Q9UID6	48.86207	6	3	4	4	2	1	485	53.938156	0	{2: 2, 3: 6, 0: 4}	{(2, 3): 1, (3, 0): 2, (3, 2): 1, (0, 3): 2}	{}	{}
Q3SY52	48.82644	6	3	4	4	2	1	487	66.12363	0	{0: 4, 3: 6, 2: 2}	{(0, 3): 2, (3, 0): 2, (3, 2): 1, (2, 3): 1}	{}	{}
P10073	48.75564	6	3	4	4	2	1	491	68.396065	0	{2: 2, 3: 6, 0: 4}	{(3, 2): 1, (2, 3): 1, (3, 0): 2, (0, 3): 2}	{}	{}
Q86W11	48.702904	6	3	4	4	2	1	494	64.86946	0	{3: 6, 2: 2, 0: 4}	{(0, 3): 2, (3, 0): 2, (2, 3): 1, (3, 2): 1}	{}	{}
Q9UDV6	48.685402	6	3	4	4	2	1	495	54.029907	0	{0: 4, 3: 6, 2: 2}	{(3, 2): 1, (0, 3): 2, (2, 3): 1, (3, 0): 2}	{}	{}
Q9UIE0	48.667267	6	3	4	4	2	1	474	58.602158	0	{3: 6, 0: 2, 2: 4}	{(3, 0): 1, (0, 3): 1, (3, 2): 2, (2, 3): 2}	{}	{}
Q8NA42	48.649017	6	3	4	4	2	1	475	74.61223	0	{2: 4, 0: 2, 3: 6}	{(3, 2): 2, (0, 3): 1, (3, 0): 1, (2, 3): 2}	{}	{}
O95780	48.633095	6	3	4	4	2	1	498	70.24669	0	{2: 2, 0: 4, 3: 6}	{(3, 0): 2, (0, 3): 2, (2, 3): 1, (3, 2): 1}	{}	{}
Q6ZNH5	48.633095	6	3	4	4	2	1	498	77.93395	0	{0: 4, 3: 6, 2: 2}	{(3, 0): 2, (0, 3): 2, (3, 2): 1, (2, 3): 1}	{}	{}
A8MUV8	48.61573	6	3	4	4	2	1	499	69.299	0	{3: 6, 2: 2, 0: 4}	{(3, 2): 1, (3, 0): 2, (0, 3): 2, (2, 3): 1}	{}	{}
P17019	48.61573	6	3	4	4	2	1	499	79.72555	0	{0: 4, 2: 2, 3: 6}	{(0, 3): 2, (3, 2): 1, (2, 3): 1, (3, 0): 2}	{}	{}
O75346	48.61573	6	3	4	4	2	1	499	71.20575	0	{3: 6, 2: 2, 0: 4}	{(0, 3): 2, (2, 3): 1, (3, 2): 1, (3, 0): 2}	{}	{}
Q8NAP8	48.582558	6	3	4	2	2	1	495	59.373096	0	{3: 6, 0: 4, 2: 2}	{(0, 3): 2, (3, 0): 2, (3, 2): 1, (2, 3): 1}	{}	{}
P51786	48.495148	6	3	4	4	2	1	506	74.88331	0	{2: 2, 0: 4, 3: 6}	{(3, 0): 2, (3, 2): 1, (2, 3): 1, (0, 3): 2}	{}	{}
P17544	48.476334	5	3	5	3	0	1	483	59.84649	0	{0: 3, 3: 4, 1: 3}	{(0, 3): 1, (3, 1): 1, (1, 0): 1, (1, 3): 1, (3, 0): 1}	{}	{}
A2RRD8	48.443977	6	3	4	4	2	1	509	70.10826	0	{3: 6, 0: 4, 2: 2}	{(0, 3): 2, (3, 2): 1, (3, 0): 2, (2, 3): 1}	{}	{}
P51815	48.426987	6	3	4	4	2	1	510	61.170876	0	{2: 2, 3: 6, 0: 4}	{(0, 3): 2, (3, 2): 1, (3, 0): 2, (2, 3): 1}	{}	{}
Q8IW36	48.342537	6	3	4	4	2	1	515	65.52642	0	{2: 2, 3: 6, 0: 4}	{(0, 3): 2, (3, 0): 2, (2, 3): 1, (3, 2): 1}	{}	{}
Q9UL58	48.308983	6	3	4	4	2	1	517	50.697117	0	{2: 2, 0: 4, 3: 6}	{(2, 3): 1, (3, 0): 2, (0, 3): 2, (3, 2): 1}	{}	{}
Q6P9G9	48.292255	6	3	4	4	2	1	518	60.87106	0	{0: 4, 3: 6, 2: 2}	{(0, 3): 2, (3, 2): 1, (2, 3): 1, (3, 0): 2}	{}	{}
Q68DI1	48.292255	6	3	4	4	2	1	518	64.80475	0	{3: 6, 2: 2, 0: 4}	{(3, 2): 1, (3, 0): 2, (2, 3): 1, (0, 3): 2}	{}	{}
Q96SL8	48.27455	6	3	4	4	2	1	496	61.220306	0	{0: 2, 2: 4, 3: 6}	{(0, 3): 1, (3, 2): 2, (3, 0): 1, (2, 3): 2}	{}	{}
Q9HBT8	48.242268	6	3	4	4	2	1	521	65.0482	0	{3: 6, 2: 2, 0: 4}	{(2, 3): 1, (3, 2): 1, (0, 3): 2, (3, 0): 2}	{}	{}
P0CG31	48.22567	6	3	4	4	2	1	522	65.96707	0	{0: 4, 3: 6, 2: 2}	{(3, 0): 2, (3, 2): 1, (0, 3): 2, (2, 3): 1}	{}	{}
A0A087WUV0	48.22567	6	3	4	4	2	1	522	65.589714	0	{2: 2, 3: 6, 0: 4}	{(2, 3): 1, (0, 3): 2, (3, 2): 1, (3, 0): 2}	{}	{}
Q5SXM1	48.176064	6	3	4	4	2	1	525	76.062996	0	{2: 2, 3: 6, 0: 4}	{(0, 3): 2, (3, 0): 2, (3, 2): 1, (2, 3): 1}	{}	{}
Q49AA0	48.15959	6	3	4	4	2	1	526	64.845566	0	{2: 2, 3: 6, 0: 4}	{(3, 0): 2, (0, 3): 2, (2, 3): 1, (3, 2): 1}	{}	{}
Q6ZMV8	48.153236	6	3	4	4	2	1	503	73.09392	0	{2: 4, 0: 2, 3: 6}	{(3, 0): 1, (0, 3): 1, (3, 2): 2, (2, 3): 2}	{}	{}
Q9NZV7	48.14315	6	3	4	4	2	1	527	49.263096	0	{3: 6, 0: 4, 2: 2}	{(3, 2): 1, (0, 3): 2, (3, 0): 2, (2, 3): 1}	{}	{}
Q96EG3	48.077698	6	3	4	4	2	1	531	57.783203	0	{2: 2, 0: 4, 3: 6}	{(2, 3): 1, (3, 0): 2, (0, 3): 2, (3, 2): 1}	{}	{}
Q9UKS7	48.056747	6	3	4	2	2	1	526	50.393414	0	{0: 4, 2: 2, 3: 6}	{(3, 0): 2, (2, 3): 1, (0, 3): 2, (3, 2): 1}	{}	{}
Q147U1	48.045155	6	3	4	4	2	1	533	71.01938	0	{3: 6, 0: 4, 2: 2}	{(3, 0): 2, (3, 2): 1, (2, 3): 1, (0, 3): 2}	{}	{}
Q96HQ0	48.0336	6	3	4	4	2	1	510	68.6589	0	{3: 6, 2: 4, 0: 2}	{(2, 3): 2, (0, 3): 1, (3, 0): 1, (3, 2): 2}	{}	{}
Q9UJL9	48.02894	6	3	4	4	2	1	534	64.516266	0	{2: 2, 0: 4, 3: 6}	{(0, 3): 2, (3, 2): 1, (2, 3): 1, (3, 0): 2}	{}	{}
Q96NI8	47.996574	6	3	4	4	2	1	536	71.37366	0	{3: 6, 2: 2, 0: 4}	{(3, 0): 2, (2, 3): 1, (0, 3): 2, (3, 2): 1}	{}	{}
Q9Y2P0	47.98044	6	3	4	4	2	1	537	76.07825	0	{0: 4, 3: 6, 2: 2}	{(2, 3): 1, (0, 3): 2, (3, 0): 2, (3, 2): 1}	{}	{}
Q96BV0	47.98044	6	3	4	4	2	1	537	62.53317	0	{0: 4, 3: 6, 2: 2}	{(3, 0): 2, (2, 3): 1, (3, 2): 1, (0, 3): 2}	{}	{}
Q9BR84	47.964333	6	3	4	4	2	1	538	60.937252	0	{2: 2, 3: 6, 0: 4}	{(3, 2): 1, (0, 3): 2, (2, 3): 1, (3, 0): 2}	{}	{}
Q9BRR0	47.964333	6	3	4	4	2	1	538	60.327225	0	{0: 4, 3: 6, 2: 2}	{(0, 3): 2, (2, 3): 1, (3, 2): 1, (3, 0): 2}	{}	{}
Q86UD4	47.9162	6	3	4	4	2	1	541	65.97542	0	{3: 6, 2: 2, 0: 4}	{(0, 3): 2, (3, 2): 1, (3, 0): 2, (2, 3): 1}	{}	{}
Q8N8E2	47.9162	6	3	4	4	2	1	541	57.307884	0	{3: 6, 0: 4, 2: 2}	{(0, 3): 2, (3, 0): 2, (2, 3): 1, (3, 2): 1}	{}	{}
Q8IYN0	47.900215	6	3	4	4	2	1	542	69.045395	0	{0: 4, 3: 6, 2: 2}	{(3, 0): 2, (2, 3): 1, (0, 3): 2, (3, 2): 1}	{}	{}
Q7Z4V0	47.830193	6	3	4	2	2	1	828	48.74193	0	{2: 2, 3: 4, 0: 6}	{(2, 0): 1, (0, 2): 1, (3, 0): 2, (0, 3): 2}	{}	{}
Q7L2R6	47.81572	6	3	4	4	2	1	523	63.61552	0	{2: 4, 0: 2, 3: 6}	{(0, 3): 1, (3, 0): 1, (3, 2): 2, (2, 3): 2}	{}	{}
Q96JC4	47.79918	6	3	4	4	2	1	524	72.96585	0	{0: 2, 3: 6, 2: 4}	{(0, 3): 1, (3, 2): 2, (3, 0): 1, (2, 3): 2}	{}	{}
P17022	47.78913	6	3	4	4	2	1	549	55.66578	0	{2: 2, 0: 4, 3: 6}	{(3, 0): 2, (0, 3): 2, (2, 3): 1, (3, 2): 1}	{}	{}
Q96SR6	47.77338	6	3	4	4	2	1	550	61.464767	0	{2: 2, 0: 4, 3: 6}	{(0, 3): 2, (2, 3): 1, (3, 2): 1, (3, 0): 2}	{}	{}
P08048	47.723785	6	3	6	2	0	1	801	53.672176	0	{2: 4, 0: 4, 3: 4}	{(0, 2): 1, (0, 3): 1, (3, 0): 1, (2, 3): 1, (3, 2): 1, (2, 0): 1}	{}	{}
Q01954	47.681465	6	4	6	0	0	1	994	54.374725	0	{2: 4, 0: 2, 1: 2, 3: 4}	{(1, 2): 1, (2, 1): 1, (3, 0): 1, (0, 3): 1, (2, 3): 1, (3, 2): 1}	{}	{}
O15014	47.6501	6	4	6	2	0	1	1411	45.18641	0	{1: 2, 2: 4, 3: 2, 0: 4}	{(3, 0): 1, (1, 2): 1, (2, 0): 1, (0, 2): 1, (0, 3): 1, (2, 1): 1}	{}	{}
Q8IZ26	47.617413	6	3	4	4	2	1	560	69.90922	0	{2: 2, 3: 6, 0: 4}	{(0, 3): 2, (2, 3): 1, (3, 0): 2, (3, 2): 1}	{}	{}
Q53GI3	47.601967	6	3	4	4	2	1	561	60.24751	0	{2: 2, 3: 6, 0: 4}	{(2, 3): 1, (0, 3): 2, (3, 2): 1, (3, 0): 2}	{}	{}
O43313	47.586502	5	4	5	3	0	1	823	47.64624	0	{3: 2, 2: 2, 1: 3, 0: 3}	{(1, 0): 1, (3, 0): 1, (2, 1): 1, (1, 2): 1, (0, 3): 1}	{}	{}
P17029	47.57116	6	3	4	4	2	1	563	59.123356	0	{3: 6, 0: 4, 2: 2}	{(2, 3): 1, (3, 0): 2, (0, 3): 2, (3, 2): 1}	{}	{}
B4DU55	47.57116	6	3	4	4	2	1	563	70.01372	0	{2: 2, 0: 4, 3: 6}	{(0, 3): 2, (3, 0): 2, (3, 2): 1, (2, 3): 1}	{}	{}
Q6P280	47.57116	6	3	4	4	2	1	563	59.55591	0	{2: 2, 0: 4, 3: 6}	{(3, 0): 2, (2, 3): 1, (3, 2): 1, (0, 3): 2}	{}	{}
Q86TJ5	47.57095	6	3	4	4	2	1	538	55.90562	0	{3: 6, 0: 2, 2: 4}	{(3, 0): 1, (3, 2): 2, (0, 3): 1, (2, 3): 2}	{}	{}
O15156	47.55487	6	3	4	4	2	1	539	50.713287	0	{0: 2, 3: 6, 2: 4}	{(0, 3): 1, (3, 0): 1, (2, 3): 2, (3, 2): 2}	{}	{}
Q8TB69	47.538834	6	3	4	4	2	1	540	59.928448	0	{2: 4, 0: 2, 3: 6}	{(3, 0): 1, (3, 2): 2, (0, 3): 1, (2, 3): 2}	{}	{}
P0C7X5	47.486797	6	3	4	2	2	1	589	47.85007	0	{0: 2, 3: 6, 2: 4}	{(0, 3): 1, (3, 2): 2, (2, 3): 2, (3, 0): 1}	{}	{}
Q14593	47.4794	6	3	4	4	2	1	569	70.00421	0	{0: 4, 3: 6, 2: 2}	{(3, 2): 1, (3, 0): 2, (0, 3): 2, (2, 3): 1}	{}	{}
Q96ND8	47.4794	6	3	4	4	2	1	569	71.41156	0	{2: 2, 0: 4, 3: 6}	{(0, 3): 2, (2, 3): 1, (3, 0): 2, (3, 2): 1}	{}	{}
A6NK75	47.43388	6	3	4	4	2	1	572	73.89255	0	{2: 2, 0: 4, 3: 6}	{(0, 3): 2, (2, 3): 1, (3, 0): 2, (3, 2): 1}	{}	{}
Q8TAU3	47.3886	6	3	4	4	2	1	575	65.35829	0	{0: 4, 3: 6, 2: 2}	{(0, 3): 2, (2, 3): 1, (3, 0): 2, (3, 2): 1}	{}	{}
Q96SQ5	47.3886	6	3	4	4	2	1	575	66.22438	0	{0: 4, 3: 6, 2: 2}	{(0, 3): 2, (3, 0): 2, (3, 2): 1, (2, 3): 1}	{}	{}
Q8TF32	47.37356	6	3	4	4	2	1	576	70.792786	0	{0: 4, 2: 2, 3: 6}	{(2, 3): 1, (3, 0): 2, (3, 2): 1, (0, 3): 2}	{}	{}
B4DXR9	47.23935	6	3	4	4	2	1	585	68.835144	0	{3: 6, 0: 4, 2: 2}	{(0, 3): 2, (3, 0): 2, (2, 3): 1, (3, 2): 1}	{}	{}
P15622	47.22403	6	3	4	4	2	1	560	73.576965	0	{0: 2, 3: 6, 2: 4}	{(2, 3): 2, (3, 0): 1, (3, 2): 2, (0, 3): 1}	{}	{}
Q96NL3	47.19507	6	3	4	4	2	1	588	72.963036	0	{0: 4, 3: 6, 2: 2}	{(3, 2): 1, (3, 0): 2, (2, 3): 1, (0, 3): 2}	{}	{}
Q9Y2Q1	47.177776	6	3	4	4	2	1	563	66.88323	0	{3: 6, 0: 2, 2: 4}	{(0, 3): 1, (3, 2): 2, (3, 0): 1, (2, 3): 2}	{}	{}
Q2VY69	47.121777	6	3	4	4	2	1	593	64.87931	0	{2: 2, 0: 4, 3: 6}	{(3, 2): 1, (2, 3): 1, (3, 0): 2, (0, 3): 2}	{}	{}
Q9BWM5	47.107193	6	3	4	4	2	1	594	62.115196	0	{3: 6, 0: 4, 2: 2}	{(3, 0): 2, (0, 3): 2, (2, 3): 1, (3, 2): 1}	{}	{}
Q03938	47.00578	6	3	4	4	2	1	601	72.98642	0	{2: 2, 3: 6, 0: 4}	{(3, 0): 2, (2, 3): 1, (3, 2): 1, (0, 3): 2}	{}	{}
P52739	47.001003	6	3	4	2	2	1	623	47.346924	0	{3: 6, 0: 2, 2: 4}	{(3, 0): 1, (2, 3): 2, (3, 2): 2, (0, 3): 1}	{}	{}
Q6PDB4	46.965164	6	3	4	4	2	1	577	68.35541	0	{0: 2, 2: 4, 3: 6}	{(3, 2): 2, (3, 0): 1, (2, 3): 2, (0, 3): 1}	{}	{}
Q6ZMK1	46.888176	4	3	4	0	0	1	362	83.28636	0	{1: 2, 2: 4, 0: 2}	{(2, 0): 1, (0, 2): 1, (1, 2): 1, (2, 1): 1}	{}	{}
Q8N883	46.845966	6	3	4	4	2	1	585	64.77958	0	{0: 2, 3: 6, 2: 4}	{(3, 2): 2, (3, 0): 1, (2, 3): 2, (0, 3): 1}	{}	{}
Q9UK13	46.675507	6	3	4	2	2	1	617	69.48912	0	{3: 6, 2: 2, 0: 4}	{(0, 3): 2, (3, 2): 1, (2, 3): 1, (3, 0): 2}	{}	{}
Q9Y2P7	46.63918	6	3	4	4	2	1	627	67.40136	0	{0: 4, 2: 2, 3: 6}	{(2, 3): 1, (3, 0): 2, (3, 2): 1, (0, 3): 2}	{}	{}
Q8NEP9	46.62538	6	3	4	4	2	1	628	68.0744	0	{0: 4, 2: 2, 3: 6}	{(0, 3): 2, (2, 3): 1, (3, 2): 1, (3, 0): 2}	{}	{}
Q3KQV3	46.570423	6	3	4	4	2	1	632	64.18118	0	{0: 4, 3: 6, 2: 2}	{(3, 0): 2, (3, 2): 1, (0, 3): 2, (2, 3): 1}	{}	{}
Q9UL59	46.540684	6	3	4	4	2	1	606	61.1888	0	{3: 6, 2: 4, 0: 2}	{(2, 3): 2, (3, 2): 2, (0, 3): 1, (3, 0): 1}	{}	{}
Q96LW1	46.4554	6	3	4	4	2	1	612	67.73309	0	{2: 4, 3: 6, 0: 2}	{(2, 3): 2, (3, 2): 2, (0, 3): 1, (3, 0): 1}	{}	{}
Q7Z7L9	46.42716	6	3	4	4	2	1	614	69.864456	0	{0: 2, 3: 6, 2: 4}	{(3, 2): 2, (0, 3): 1, (3, 0): 1, (2, 3): 2}	{}	{}
Q96GE5	46.421055	6	3	4	4	2	1	643	70.47416	0	{3: 6, 0: 4, 2: 2}	{(3, 0): 2, (0, 3): 2, (2, 3): 1, (3, 2): 1}	{}	{}
Q6PF04	46.38496	6	3	4	4	2	1	617	65.82816	0	{3: 6, 2: 4, 0: 2}	{(3, 2): 2, (0, 3): 1, (3, 0): 1, (2, 3): 2}	{}	{}
A8MTY0	46.356956	6	3	4	4	2	1	619	75.85568	0	{2: 4, 0: 2, 3: 6}	{(2, 3): 2, (3, 2): 2, (0, 3): 1, (3, 0): 1}	{}	{}
O95125	46.354008	6	3	4	4	2	1	648	59.004086	0	{2: 2, 0: 4, 3: 6}	{(3, 0): 2, (2, 3): 1, (0, 3): 2, (3, 2): 1}	{}	{}
O94892	46.300735	6	3	4	4	2	1	652	72.21887	0	{3: 6, 0: 4, 2: 2}	{(0, 3): 2, (3, 0): 2, (3, 2): 1, (2, 3): 1}	{}	{}
P52742	46.221443	6	3	4	4	2	1	658	73.99521	0	{2: 2, 3: 6, 0: 4}	{(3, 0): 2, (3, 2): 1, (2, 3): 1, (0, 3): 2}	{}	{}
Q8TCN5	46.219734	6	3	6	2	0	1	953	51.046024	0	{3: 4, 2: 4, 0: 4}	{(0, 3): 1, (3, 2): 1, (0, 2): 1, (2, 0): 1, (2, 3): 1, (3, 0): 1}	{}	{}
O75437	46.2083	6	3	4	4	2	1	659	69.42657	0	{0: 4, 3: 6, 2: 2}	{(3, 2): 1, (3, 0): 2, (0, 3): 2, (2, 3): 1}	{}	{}
P0CG23	46.2083	6	3	4	4	2	1	659	65.67529	0	{0: 4, 2: 2, 3: 6}	{(2, 3): 1, (0, 3): 2, (3, 0): 2, (3, 2): 1}	{}	{}
Q8NDQ6	46.19517	6	3	4	4	2	1	660	74.02269	0	{2: 2, 3: 6, 0: 4}	{(2, 3): 1, (3, 0): 2, (0, 3): 2, (3, 2): 1}	{}	{}
P17021	46.168983	6	3	4	4	2	1	662	71.48361	0	{3: 6, 2: 2, 0: 4}	{(0, 3): 2, (2, 3): 1, (3, 0): 2, (3, 2): 1}	{}	{}
Q9Y2A4	46.052094	6	3	4	4	2	1	671	72.324265	0	{0: 4, 2: 2, 3: 6}	{(3, 2): 1, (2, 3): 1, (0, 3): 2, (3, 0): 2}	{}	{}
Q9H7R5	45.962257	6	3	4	4	2	1	678	73.134575	0	{2: 2, 3: 6, 0: 4}	{(3, 2): 1, (2, 3): 1, (0, 3): 2, (3, 0): 2}	{}	{}
Q9HCZ1	45.93676	6	3	4	4	2	1	680	63.088608	0	{3: 6, 2: 2, 0: 4}	{(0, 3): 2, (3, 0): 2, (2, 3): 1, (3, 2): 1}	{}	{}
O14978	45.898655	6	3	4	4	2	1	683	59.886066	0	{0: 4, 3: 6, 2: 2}	{(0, 3): 2, (3, 2): 1, (2, 3): 1, (3, 0): 2}	{}	{}
Q9Y2H8	45.898655	6	3	4	4	2	1	683	56.993473	0	{0: 4, 3: 6, 2: 2}	{(0, 3): 2, (3, 0): 2, (2, 3): 1, (3, 2): 1}	{}	{}
Q9NX65	45.723015	6	3	4	4	2	1	697	54.059105	0	{3: 6, 2: 2, 0: 4}	{(0, 3): 2, (3, 2): 1, (2, 3): 1, (3, 0): 2}	{}	{}
Q6ZMW2	45.69822	6	3	4	4	2	1	699	60.446636	0	{2: 2, 3: 6, 0: 4}	{(2, 3): 1, (3, 2): 1, (0, 3): 2, (3, 0): 2}	{}	{}
P52740	45.611958	6	3	4	4	2	1	706	66.32984	0	{2: 2, 0: 4, 3: 6}	{(2, 3): 1, (0, 3): 2, (3, 0): 2, (3, 2): 1}	{}	{}
Q9H116	45.550873	6	3	4	4	2	1	711	57.715958	0	{2: 2, 0: 4, 3: 6}	{(0, 3): 2, (2, 3): 1, (3, 0): 2, (3, 2): 1}	{}	{}
Q6ECI4	45.47813	6	3	4	4	2	1	717	71.16636	0	{3: 6, 0: 4, 2: 2}	{(3, 2): 1, (3, 0): 2, (2, 3): 1, (0, 3): 2}	{}	{}
Q9Y2K1	45.42372	6	3	4	2	2	1	713	50.15165	0	{3: 6, 2: 2, 0: 4}	{(3, 2): 1, (3, 0): 2, (0, 3): 2, (2, 3): 1}	{}	{}
Q8N8J6	45.310745	6	3	4	4	2	1	731	73.55135	0	{2: 2, 0: 4, 3: 6}	{(0, 3): 2, (2, 3): 1, (3, 2): 1, (3, 0): 2}	{}	{}
Q14590	45.22824	6	3	4	4	2	1	738	66.76244	0	{2: 2, 3: 6, 0: 4}	{(2, 3): 1, (0, 3): 2, (3, 0): 2, (3, 2): 1}	{}	{}
P51523	45.22824	6	3	4	4	2	1	738	76.07107	0	{3: 6, 2: 2, 0: 4}	{(0, 3): 2, (3, 2): 1, (2, 3): 1, (3, 0): 2}	{}	{}
Q14526	45.18425	6	3	4	2	2	1	733	50.702377	0	{2: 2, 0: 4, 3: 6}	{(3, 2): 1, (0, 3): 2, (2, 3): 1, (3, 0): 2}	{}	{}
Q8ND82	45.137142	6	3	4	2	2	1	737	59.491898	0	{0: 4, 3: 6, 2: 2}	{(0, 3): 2, (3, 2): 1, (3, 0): 2, (2, 3): 1}	{}	{}
Q9Y3M9	45.077087	6	3	4	4	2	1	751	74.269005	0	{3: 6, 2: 2, 0: 4}	{(2, 3): 1, (0, 3): 2, (3, 0): 2, (3, 2): 1}	{}	{}
Q9HBT7	44.962593	6	3	4	4	2	1	761	68.38416	0	{3: 6, 2: 2, 0: 4}	{(2, 3): 1, (3, 2): 1, (0, 3): 2, (3, 0): 2}	{}	{}
Q96MU6	44.941074	6	3	4	4	2	1	729	63.21942	0	{0: 2, 2: 4, 3: 6}	{(3, 2): 2, (2, 3): 2, (0, 3): 1, (3, 0): 1}	{}	{}
Q96JG9	44.902203	6	3	4	4	2	1	1400	41.697292	0	{0: 6, 2: 2, 3: 4}	{(3, 0): 2, (0, 3): 2, (0, 2): 1, (2, 0): 1}	{}	{}
Q9P0L1	44.6492	6	3	4	4	2	1	754	65.81395	0	{3: 6, 2: 4, 0: 2}	{(2, 3): 2, (0, 3): 1, (3, 0): 1, (3, 2): 2}	{}	{}
Q14147	44.646072	6	3	6	2	0	1	1143	80.49465	0	{2: 4, 0: 4, 3: 4}	{(0, 2): 1, (2, 0): 1, (3, 0): 1, (2, 3): 1, (3, 2): 1, (0, 3): 1}	{}	{}
Q9NYT6	44.497574	6	3	4	4	2	1	803	64.75221	0	{2: 2, 3: 6, 0: 4}	{(0, 3): 2, (3, 0): 2, (2, 3): 1, (3, 2): 1}	{}	{}
Q86WZ6	44.437958	6	3	4	2	2	1	799	65.70214	0	{2: 2, 3: 6, 0: 4}	{(3, 0): 2, (0, 3): 2, (3, 2): 1, (2, 3): 1}	{}	{}
Q4V348	44.326786	6	3	4	4	2	1	819	66.71666	0	{3: 6, 2: 2, 0: 4}	{(0, 3): 2, (3, 0): 2, (3, 2): 1, (2, 3): 1}	{}	{}
Q9UII5	44.322517	6	3	4	4	2	1	783	74.69069	0	{2: 4, 0: 2, 3: 6}	{(0, 3): 1, (3, 2): 2, (2, 3): 2, (3, 0): 1}	{}	{}
Q8IWY8	44.291283	6	3	4	2	2	1	852	57.697502	0	{2: 4, 0: 2, 3: 6}	{(3, 2): 2, (3, 0): 1, (0, 3): 1, (2, 3): 2}	{}	{}
Q9Y2L8	44.117947	6	3	4	4	2	1	839	57.851395	0	{0: 4, 3: 6, 2: 2}	{(0, 3): 2, (2, 3): 1, (3, 2): 1, (3, 0): 2}	{}	{}
Q96SE7	44.117947	6	3	4	4	2	1	839	67.74601	0	{3: 6, 0: 4, 2: 2}	{(0, 3): 2, (3, 0): 2, (3, 2): 1, (2, 3): 1}	{}	{}
Q9H5L6	43.962814	5	3	5	3	0	1	903	71.75766	0	{1: 3, 3: 4, 0: 3}	{(0, 3): 1, (3, 1): 1, (1, 0): 1, (1, 3): 1, (3, 0): 1}	{}	{}
Q9ULD5	43.807495	6	3	4	4	2	1	831	57.298138	0	{2: 4, 0: 2, 3: 6}	{(2, 3): 2, (0, 3): 1, (3, 2): 2, (3, 0): 1}	{}	{}
Q9C0K0	43.465485	6	3	4	2	2	1	894	51.058662	0	{0: 4, 2: 2, 3: 6}	{(3, 0): 2, (3, 2): 1, (2, 3): 1, (0, 3): 2}	{}	{}
Q9Y2X9	43.455803	6	3	4	2	2	1	895	46.883842	0	{3: 6, 2: 2, 0: 4}	{(3, 2): 1, (3, 0): 2, (0, 3): 2, (2, 3): 1}	{}	{}
Q86UP3	43.283848	6	3	4	2	2	1	1400	55.579823	0	{3: 4, 2: 2, 0: 6}	{(0, 3): 2, (2, 0): 1, (0, 2): 1, (3, 0): 2}	{}	{}
Q86UP3	43.283848	6	3	4	2	2	1	1400	55.25046	0	{0: 6, 2: 2, 3: 4}	{(2, 0): 1, (0, 3): 2, (0, 2): 1, (3, 0): 2}	{}	{}
Q86UP3	43.283848	6	3	4	2	2	1	1400	53.046715	0	{0: 6, 2: 2, 3: 4}	{(3, 0): 2, (0, 2): 1, (2, 0): 1, (0, 3): 2}	{}	{}
Q86UP3	43.283848	6	3	4	2	2	1	1400	52.316345	0	{0: 6, 2: 2, 3: 4}	{(0, 2): 1, (0, 3): 2, (2, 0): 1, (3, 0): 2}	{}	{}
Q9NVV9	42.98693	4	3	4	2	0	1	213	70.790596	0	{1: 2, 3: 4, 0: 2}	{(3, 1): 1, (3, 0): 1, (1, 3): 1, (0, 3): 1}	{}	{}
Q7Z4H7	42.908485	4	3	4	2	0	1	955	55.970222	0	{2: 4, 0: 2, 1: 2}	{(2, 0): 1, (0, 2): 1, (1, 2): 1, (2, 1): 1}	{}	{}
Q5T7W0	42.903194	6	3	4	2	2	1	954	64.59546	0	{0: 4, 3: 6, 2: 2}	{(2, 3): 1, (3, 2): 1, (0, 3): 2, (3, 0): 2}	{}	{}
P15822	42.890465	6	3	6	2	0	1	1400	41.452774	0	{3: 4, 0: 4, 2: 4}	{(2, 3): 1, (3, 0): 1, (3, 2): 1, (2, 0): 1, (0, 2): 1, (0, 3): 1}	{}	{}
Q8TBB0	42.748104	4	3	4	2	0	1	222	73.66719	0	{1: 2, 3: 4, 0: 2}	{(3, 0): 1, (3, 1): 1, (1, 3): 1, (0, 3): 1}	{}	{}
Q9H0W7	42.594208	4	3	4	2	0	1	228	76.07574	0	{0: 2, 1: 2, 3: 4}	{(3, 0): 1, (1, 3): 1, (0, 3): 1, (3, 1): 1}	{}	{}
P15918	42.540394	6	3	4	2	2	1	1043	81.25687	0	{2: 4, 3: 6, 0: 2}	{(2, 3): 2, (0, 3): 1, (3, 2): 2, (3, 0): 1}	{}	{}
Q9Y467	42.435177	6	3	4	2	2	1	1007	50.678272	0	{3: 6, 2: 2, 0: 4}	{(3, 2): 1, (2, 3): 1, (0, 3): 2, (3, 0): 2}	{}	{}
Q8WTV1	42.3223	4	3	4	2	0	1	239	70.58925	0	{1: 2, 3: 4, 0: 2}	{(0, 3): 1, (3, 1): 1, (1, 3): 1, (3, 0): 1}	{}	{}
Q5TYW1	42.10219	6	3	4	4	2	1	1059	59.553333	0	{2: 2, 0: 4, 3: 6}	{(0, 3): 2, (3, 0): 2, (2, 3): 1, (3, 2): 1}	{}	{}
Q9UJQ4	42.048527	6	3	4	2	2	1	1053	50.610126	0	{2: 2, 0: 4, 3: 6}	{(3, 0): 2, (0, 3): 2, (3, 2): 1, (2, 3): 1}	{}	{}
Q5JPB2	42.027542	6	3	6	0	0	1	1677	37.54338	0	{0: 4, 3: 4, 2: 4}	{(0, 3): 1, (3, 0): 1, (2, 3): 1, (0, 2): 1, (2, 0): 1, (3, 2): 1}	{}	{}
Q9P2Z0	41.903267	4	3	4	2	0	1	257	64.27836	0	{0: 2, 1: 2, 3: 4}	{(3, 0): 1, (0, 3): 1, (1, 3): 1, (3, 1): 1}	{}	{}
Q13029	41.81846	6	3	6	0	0	1	1718	46.982887	0	{3: 4, 0: 4, 2: 4}	{(0, 2): 1, (3, 0): 1, (2, 3): 1, (0, 3): 1, (2, 0): 1, (3, 2): 1}	{}	{}
Q13127	41.694183	6	3	4	2	2	1	1097	49.321262	0	{0: 4, 3: 6, 2: 2}	{(3, 0): 2, (2, 3): 1, (0, 3): 2, (3, 2): 1}	{}	{}
Q8NA92	41.533638	4	3	4	2	0	1	274	71.4559	0	{0: 2, 1: 2, 3: 4}	{(3, 1): 1, (3, 0): 1, (0, 3): 1, (1, 3): 1}	{}	{}
O95785	41.462986	6	3	6	2	0	1	1651	48.34837	0	{3: 4, 2: 4, 0: 4}	{(3, 0): 1, (3, 2): 1, (2, 0): 1, (0, 3): 1, (2, 3): 1, (0, 2): 1}	{}	{}
Q96EK4	40.747284	4	3	4	2	0	1	314	67.153336	0	{0: 2, 1: 2, 3: 4}	{(0, 3): 1, (1, 3): 1, (3, 1): 1, (3, 0): 1}	{}	{}
Q9NUA8	40.640507	6	3	4	2	2	1	1239	64.801605	0	{2: 2, 0: 4, 3: 6}	{(3, 2): 1, (0, 3): 2, (3, 0): 2, (2, 3): 1}	{}	{}
Q8IUQ4	40.59011	4	3	4	4	0	1	282	89.14032	0	{0: 4, 3: 2, 2: 2}	{(0, 2): 1, (0, 3): 1, (3, 0): 1, (2, 0): 1}	{}	{}
Q15911	40.230217	5	4	5	1	0	1	1400	57.630714	0	{2: 2, 0: 3, 3: 2, 1: 3}	{(1, 0): 1, (2, 1): 1, (3, 0): 1, (0, 3): 1, (1, 2): 1}	{}	{}
Q9H963	39.887043	4	3	4	4	0	1	129	90.06734	0	{2: 2, 0: 2, 3: 4}	{(0, 3): 1, (3, 0): 1, (2, 3): 1, (3, 2): 1}	{}	{}
Q96BR9	39.854095	4	3	4	0	0	1	441	61.85391	0	{0: 2, 2: 2, 3: 4}	{(0, 3): 1, (3, 2): 1, (3, 0): 1, (2, 3): 1}	{}	{}
O43255	39.788914	4	3	4	4	0	1	324	83.90357	0	{3: 2, 2: 2, 0: 4}	{(0, 3): 1, (3, 0): 1, (2, 0): 1, (0, 2): 1}	{}	{}
Q7Z3K3	39.521393	6	3	4	2	2	1	1410	56.87885	0	{3: 6, 0: 4, 2: 2}	{(3, 2): 1, (0, 3): 2, (2, 3): 1, (3, 0): 2}	{}	{}
Q6ZRF7	39.47926	4	3	4	2	0	1	136	64.419044	0	{3: 4, 2: 2, 0: 2}	{(2, 3): 1, (0, 3): 1, (3, 0): 1, (3, 2): 1}	{}	{}
Q7Z6K1	39.422935	4	3	4	2	0	1	395	59.42154	0	{0: 2, 1: 2, 3: 4}	{(1, 3): 1, (3, 0): 1, (3, 1): 1, (0, 3): 1}	{}	{}
Q15929	38.608284	4	3	4	4	0	1	161	90.71465	0	{3: 4, 2: 2, 0: 2}	{(3, 2): 1, (3, 0): 1, (0, 3): 1, (2, 3): 1}	{}	{}
Q6GPH4	38.59548	4	3	4	2	0	1	301	72.4177	0	{2: 2, 0: 4, 3: 2}	{(0, 2): 1, (0, 3): 1, (3, 0): 1, (2, 0): 1}	{}	{}
Q8N7E2	38.300674	4	3	4	4	0	1	425	54.74153	0	{3: 4, 0: 2, 1: 2}	{(0, 3): 1, (1, 3): 1, (3, 1): 1, (3, 0): 1}	{}	{}
Q9Y330	38.085346	4	3	4	2	0	1	459	45.25721	0	{0: 2, 2: 4, 3: 2}	{(2, 3): 1, (3, 2): 1, (2, 0): 1, (0, 2): 1}	{}	{}
Q15940	37.562126	4	3	4	4	0	1	193	82.4365	0	{0: 2, 3: 4, 2: 2}	{(3, 2): 1, (0, 3): 1, (2, 3): 1, (3, 0): 1}	{}	{}
Q49A33	37.270607	4	3	4	4	0	1	203	77.39908	0	{3: 4, 2: 2, 0: 2}	{(3, 2): 1, (2, 3): 1, (3, 0): 1, (0, 3): 1}	{}	{}
Q01101	37.170902	4	3	4	4	0	1	510	57.79832	0	{0: 4, 3: 2, 2: 2}	{(0, 2): 1, (0, 3): 1, (3, 0): 1, (2, 0): 1}	{}	{}
Q9C0A1	36.985397	4	3	4	0	0	1	2572	47.17749	0	{0: 4, 2: 2, 3: 2}	{(2, 0): 1, (3, 0): 1, (0, 2): 1, (0, 3): 1}	{}	{}
Q75N03	36.89818	4	4	4	2	0	1	491	56.511623	0	{3: 2, 0: 2, 2: 2, 1: 2}	{(0, 3): 1, (2, 1): 1, (3, 0): 1, (1, 2): 1}	{}	{}
P17026	36.70253	4	3	4	4	0	1	224	71.024765	0	{2: 2, 0: 2, 3: 4}	{(3, 0): 1, (2, 3): 1, (0, 3): 1, (3, 2): 1}	{}	{}
Q02930	36.70176	4	4	4	2	0	1	508	57.485302	0	{3: 2, 1: 2, 0: 2, 2: 2}	{(0, 3): 1, (2, 1): 1, (3, 0): 1, (1, 2): 1}	{}	{}
Q13137	36.326363	4	3	4	2	0	1	446	80.03254	0	{3: 2, 2: 2, 0: 4}	{(2, 0): 1, (0, 3): 1, (3, 0): 1, (0, 2): 1}	{}	{}
P52744	35.798256	4	3	4	4	0	1	262	68.99327	0	{3: 4, 2: 2, 0: 2}	{(3, 2): 1, (3, 0): 1, (0, 3): 1, (2, 3): 1}	{}	{}
P23327	35.658154	4	3	4	2	0	1	699	50.482376	0	{0: 2, 2: 4, 3: 2}	{(3, 2): 1, (2, 3): 1, (0, 2): 1, (2, 0): 1}	{}	{}
Q96C55	35.651535	4	3	4	2	0	1	264	67.16627	0	{0: 2, 3: 4, 2: 2}	{(3, 2): 1, (0, 3): 1, (3, 0): 1, (2, 3): 1}	{}	{}
Q96T92	35.65114	4	3	4	0	0	1	566	55.239315	0	{2: 2, 3: 2, 0: 4}	{(2, 0): 1, (0, 2): 1, (0, 3): 1, (3, 0): 1}	{}	{}
O43422	35.638756	4	3	4	2	0	1	761	83.789314	0	{1: 2, 3: 4, 0: 2}	{(3, 0): 1, (1, 3): 1, (0, 3): 1, (3, 1): 1}	{}	{}
P09237	35.58633	4	3	4	2	0	1	267	87.30543	0	{3: 4, 0: 2, 2: 2}	{(3, 0): 1, (3, 2): 1, (0, 3): 1, (2, 3): 1}	{}	{}
O14545	35.490273	4	3	4	0	0	1	582	57.33478	0	{3: 2, 0: 4, 2: 2}	{(0, 2): 1, (0, 3): 1, (2, 0): 1, (3, 0): 1}	{}	{}
Q9NQ03	35.48055	4	3	4	0	0	1	307	54.5189	0	{2: 2, 3: 4, 0: 2}	{(3, 2): 1, (3, 0): 1, (2, 3): 1, (0, 3): 1}	{}	{}
Q96IT1	35.440903	4	3	4	0	0	1	587	53.893303	0	{3: 2, 0: 4, 2: 2}	{(3, 0): 1, (0, 2): 1, (2, 0): 1, (0, 3): 1}	{}	{}
Q8N6M9	35.358852	3	3	3	1	0	1	145	85.47537	0	{0: 3, 2: 2, 1: 1}	{(2, 0): 1, (0, 2): 1, (1, 0): 1}	{}	{}
Q9UFB7	35.274887	4	3	4	2	0	1	747	51.900555	0	{3: 2, 0: 2, 2: 4}	{(0, 2): 1, (2, 0): 1, (3, 2): 1, (2, 3): 1}	{}	{}
Q96N20	35.09414	4	3	4	4	0	1	296	72.263725	0	{0: 2, 2: 2, 3: 4}	{(0, 3): 1, (3, 0): 1, (2, 3): 1, (3, 2): 1}	{}	{}
Q7Z2T5	35.077637	4	3	4	4	0	1	733	72.48349	0	{0: 4, 3: 2, 2: 2}	{(3, 0): 1, (0, 3): 1, (2, 0): 1, (0, 2): 1}	{}	{}
A8MWA4	34.913837	4	3	4	2	0	1	300	61.69065	0	{0: 2, 3: 4, 2: 2}	{(2, 3): 1, (3, 2): 1, (0, 3): 1, (3, 0): 1}	{}	{}
Q86VP1	34.65279	4	3	4	4	0	1	789	75.62143	0	{0: 4, 3: 2, 2: 2}	{(2, 0): 1, (0, 2): 1, (3, 0): 1, (0, 3): 1}	{}	{}
Q9H4Q4	34.553223	4	3	4	2	0	1	367	62.804363	0	{3: 4, 0: 2, 2: 2}	{(3, 2): 1, (0, 3): 1, (2, 3): 1, (3, 0): 1}	{}	{}
Q9ULD9	34.414803	4	3	4	0	0	1	1512	44.240982	0	{2: 4, 0: 2, 1: 2}	{(0, 2): 1, (2, 0): 1, (1, 2): 1, (2, 1): 1}	{}	{}
Q9BWW7	34.16018	4	3	4	4	0	1	348	51.81529	0	{3: 4, 0: 2, 2: 2}	{(3, 2): 1, (3, 0): 1, (0, 3): 1, (2, 3): 1}	{}	{}
Q9H4T2	34.16018	4	3	4	4	0	1	348	67.28235	0	{2: 2, 3: 4, 0: 2}	{(2, 3): 1, (3, 0): 1, (3, 2): 1, (0, 3): 1}	{}	{}
Q15973	34.11064	4	3	4	4	0	1	351	74.34152	0	{2: 2, 0: 2, 3: 4}	{(3, 2): 1, (2, 3): 1, (0, 3): 1, (3, 0): 1}	{}	{}
Q7Z2E3	34.029015	4	3	4	4	0	1	356	81.08416	0	{0: 2, 2: 2, 3: 4}	{(3, 0): 1, (3, 2): 1, (0, 3): 1, (2, 3): 1}	{}	{}
Q9BVI0	33.993797	4	3	4	2	0	1	1012	53.454525	0	{3: 4, 0: 2, 1: 2}	{(1, 3): 1, (3, 1): 1, (0, 3): 1, (3, 0): 1}	{}	{}
Q86UQ0	33.900772	4	3	4	4	0	1	364	53.821987	0	{3: 4, 2: 2, 0: 2}	{(3, 0): 1, (3, 2): 1, (2, 3): 1, (0, 3): 1}	{}	{}
Q8NBB4	33.839226	4	3	4	0	0	1	408	57.28237	0	{0: 2, 3: 4, 2: 2}	{(2, 3): 1, (3, 0): 1, (3, 2): 1, (0, 3): 1}	{}	{}
Q8N448	33.777145	3	3	3	3	0	1	690	75.424164	0	{2: 2, 0: 1, 1: 3}	{(1, 0): 1, (1, 2): 1, (2, 1): 1}	{}	{}
Q8TBB1	33.54512	3	3	3	3	0	1	728	72.14576	0	{0: 1, 1: 3, 2: 2}	{(1, 2): 1, (1, 0): 1, (2, 1): 1}	{}	{}
Q9H707	33.25641	4	3	4	4	0	1	407	59.022263	0	{0: 2, 3: 4, 2: 2}	{(3, 2): 1, (3, 0): 1, (0, 3): 1, (2, 3): 1}	{}	{}
Q15697	33.25641	4	3	4	4	0	1	407	59.392498	0	{3: 4, 2: 2, 0: 2}	{(3, 0): 1, (2, 3): 1, (3, 2): 1, (0, 3): 1}	{}	{}
Q9UNY5	33.11634	4	3	4	4	0	1	417	62.810707	0	{0: 2, 3: 4, 2: 2}	{(0, 3): 1, (3, 0): 1, (2, 3): 1, (3, 2): 1}	{}	{}
Q7Z398	33.047554	4	3	4	4	0	1	422	66.14468	0	{2: 2, 0: 2, 3: 4}	{(0, 3): 1, (3, 2): 1, (3, 0): 1, (2, 3): 1}	{}	{}
Q8NC26	33.0135	4	3	4	2	0	1	417	45.21638	0	{2: 2, 0: 2, 3: 4}	{(3, 2): 1, (2, 3): 1, (3, 0): 1, (0, 3): 1}	{}	{}
Q9BSG1	33.006676	4	3	4	4	0	1	425	73.627045	0	{2: 2, 0: 2, 3: 4}	{(0, 3): 1, (2, 3): 1, (3, 2): 1, (3, 0): 1}	{}	{}
Q6ZN30	32.94841	4	4	4	0	0	1	1099	53.397766	0	{0: 2, 1: 2, 2: 2, 3: 2}	{(2, 1): 1, (1, 2): 1, (0, 3): 1, (3, 0): 1}	{}	{}
B1APH4	32.70253	4	3	4	4	0	1	448	45.29807	0	{3: 4, 2: 2, 0: 2}	{(2, 3): 1, (0, 3): 1, (3, 2): 1, (3, 0): 1}	{}	{}
Q9UK12	32.664017	4	3	4	4	0	1	451	66.94027	0	{3: 4, 2: 2, 0: 2}	{(2, 3): 1, (3, 0): 1, (0, 3): 1, (3, 2): 1}	{}	{}
P17023	32.575134	4	3	4	4	0	1	458	70.75273	0	{0: 2, 3: 4, 2: 2}	{(3, 0): 1, (2, 3): 1, (3, 2): 1, (0, 3): 1}	{}	{}
Q9NWS9	32.57399	4	3	4	2	0	1	450	56.764492	0	{0: 2, 2: 2, 3: 4}	{(0, 3): 1, (2, 3): 1, (3, 0): 1, (3, 2): 1}	{}	{}
O14771	32.459713	4	3	4	2	0	1	459	64.86803	0	{3: 4, 0: 2, 2: 2}	{(2, 3): 1, (0, 3): 1, (3, 2): 1, (3, 0): 1}	{}	{}
Q8WUU4	32.364815	4	3	4	4	0	1	475	57.185852	0	{2: 2, 3: 4, 0: 2}	{(3, 2): 1, (0, 3): 1, (3, 0): 1, (2, 3): 1}	{}	{}
P22894	32.359997	4	3	4	2	0	1	467	90.41991	0	{0: 2, 2: 2, 3: 4}	{(3, 0): 1, (2, 3): 1, (3, 2): 1, (0, 3): 1}	{}	{}
P03956	32.335335	4	3	4	2	0	1	469	91.39501	0	{2: 2, 0: 2, 3: 4}	{(3, 0): 1, (3, 2): 1, (2, 3): 1, (0, 3): 1}	{}	{}
Q13360	32.29238	4	3	4	4	0	1	481	62.30334	0	{3: 4, 0: 2, 2: 2}	{(3, 2): 1, (2, 3): 1, (0, 3): 1, (3, 0): 1}	{}	{}
Q96C00	32.286327	4	3	4	2	0	1	473	58.260777	0	{3: 4, 2: 2, 0: 2}	{(3, 2): 1, (3, 0): 1, (0, 3): 1, (2, 3): 1}	{}	{}
Q9BSK1	32.24459	4	3	4	4	0	1	485	63.672318	0	{0: 2, 3: 4, 2: 2}	{(3, 2): 1, (2, 3): 1, (0, 3): 1, (3, 0): 1}	{}	{}
Q8N587	32.232704	4	3	4	4	0	1	486	61.322796	0	{3: 4, 0: 2, 2: 2}	{(3, 2): 1, (3, 0): 1, (2, 3): 1, (0, 3): 1}	{}	{}
O60882	32.165596	4	3	4	2	0	1	483	83.18564	0	{2: 2, 3: 4, 0: 2}	{(0, 3): 1, (3, 2): 1, (2, 3): 1, (3, 0): 1}	{}	{}
A6NJL1	32.126816	4	3	4	4	0	1	495	58.976456	0	{0: 2, 3: 4, 2: 2}	{(2, 3): 1, (0, 3): 1, (3, 2): 1, (3, 0): 1}	{}	{}
Q9Y2Y4	32.118	4	3	4	2	0	1	487	56.831364	0	{3: 4, 2: 2, 0: 2}	{(3, 2): 1, (0, 3): 1, (3, 0): 1, (2, 3): 1}	{}	{}
Q9BUG6	32.115166	4	3	4	4	0	1	496	55.99974	0	{2: 2, 0: 2, 3: 4}	{(3, 0): 1, (3, 2): 1, (0, 3): 1, (2, 3): 1}	{}	{}
Q5TC79	31.931454	4	3	4	2	0	1	503	54.86797	0	{2: 2, 3: 4, 0: 2}	{(3, 0): 1, (3, 2): 1, (0, 3): 1, (2, 3): 1}	{}	{}
P0DPD5	31.920692	4	3	4	4	0	1	513	72.8079	0	{2: 2, 3: 4, 0: 2}	{(3, 0): 1, (0, 3): 1, (2, 3): 1, (3, 2): 1}	{}	{}
Q9GZV8	31.89954	4	3	4	0	0	1	571	60.076202	0	{3: 4, 2: 2, 0: 2}	{(3, 0): 1, (2, 3): 1, (0, 3): 1, (3, 2): 1}	{}	{}
Q9Y2G7	31.853592	4	3	4	4	0	1	519	71.95057	0	{2: 2, 3: 4, 0: 2}	{(3, 2): 1, (2, 3): 1, (0, 3): 1, (3, 0): 1}	{}	{}
Q99592	31.820328	4	3	4	4	0	1	522	45.54458	0	{0: 2, 3: 4, 2: 2}	{(3, 0): 1, (0, 3): 1, (2, 3): 1, (3, 2): 1}	{}	{}
Q9H306	31.817852	4	3	4	2	0	1	513	80.84265	0	{3: 4, 0: 2, 2: 2}	{(3, 2): 1, (2, 3): 1, (0, 3): 1, (3, 0): 1}	{}	{}
Q13422	31.750751	4	3	4	2	0	1	519	49.262302	0	{0: 2, 2: 2, 3: 4}	{(3, 0): 1, (3, 2): 1, (0, 3): 1, (2, 3): 1}	{}	{}
Q9NV72	31.72168	4	3	4	4	0	1	531	57.78708	0	{2: 2, 3: 4, 0: 2}	{(3, 0): 1, (2, 3): 1, (0, 3): 1, (3, 2): 1}	{}	{}
Q9GZX5	31.710823	4	3	4	4	0	1	532	57.64285	0	{2: 2, 3: 4, 0: 2}	{(3, 2): 1, (3, 0): 1, (0, 3): 1, (2, 3): 1}	{}	{}
Q9NQX0	31.661942	4	3	4	0	0	1	595	55.574383	0	{2: 2, 3: 4, 0: 2}	{(3, 2): 1, (0, 3): 1, (3, 0): 1, (2, 3): 1}	{}	{}
Q6NSZ9	31.582102	4	3	4	4	0	1	544	61.552017	0	{3: 4, 0: 2, 2: 2}	{(3, 0): 1, (2, 3): 1, (0, 3): 1, (3, 2): 1}	{}	{}
A8MT65	31.582102	4	3	4	4	0	1	544	56.68082	0	{0: 2, 2: 2, 3: 4}	{(3, 0): 1, (2, 3): 1, (3, 2): 1, (0, 3): 1}	{}	{}
Q13398	31.373749	4	3	4	4	0	1	564	63.730164	0	{0: 2, 3: 4, 2: 2}	{(3, 2): 1, (2, 3): 1, (0, 3): 1, (3, 0): 1}	{}	{}
Q96JG9	31.343472	4	3	4	4	0	1	1400	40.141933	0	{0: 4, 3: 2, 2: 2}	{(0, 3): 1, (2, 0): 1, (0, 2): 1, (3, 0): 1}	{}	{}
P55201	31.331846	3	3	3	3	0	1	1214	67.64135	0	{1: 3, 0: 1, 2: 2}	{(1, 0): 1, (1, 2): 1, (2, 1): 1}	{}	{}
P21506	31.282387	4	3	4	4	0	1	573	61.975235	0	{3: 4, 0: 2, 2: 2}	{(2, 3): 1, (3, 0): 1, (3, 2): 1, (0, 3): 1}	{}	{}
Q8NDW4	31.222275	4	3	4	4	0	1	579	55.415775	0	{2: 2, 3: 4, 0: 2}	{(2, 3): 1, (3, 2): 1, (0, 3): 1, (3, 0): 1}	{}	{}
Q8NCP5	31.209839	4	3	4	2	0	1	570	55.16763	0	{0: 2, 2: 2, 3: 4}	{(2, 3): 1, (3, 2): 1, (0, 3): 1, (3, 0): 1}	{}	{}
Q2M3X9	31.202377	4	3	4	4	0	1	581	66.014435	0	{2: 2, 3: 4, 0: 2}	{(2, 3): 1, (0, 3): 1, (3, 0): 1, (3, 2): 1}	{}	{}
Q9H2S9	31.05994	4	3	4	2	0	1	585	48.938538	0	{0: 2, 3: 4, 2: 2}	{(2, 3): 1, (3, 2): 1, (0, 3): 1, (3, 0): 1}	{}	{}
Q96NJ3	31.01083	4	3	4	2	0	1	590	57.725952	0	{0: 2, 3: 4, 2: 2}	{(0, 3): 1, (2, 3): 1, (3, 0): 1, (3, 2): 1}	{}	{}
Q14929	30.987894	4	3	4	4	0	1	603	70.042625	0	{2: 2, 3: 4, 0: 2}	{(3, 2): 1, (2, 3): 1, (0, 3): 1, (3, 0): 1}	{}	{}
Q15911	30.851652	4	4	4	2	0	1	1400	57.372723	0	{0: 2, 2: 2, 3: 2, 1: 2}	{(2, 1): 1, (1, 2): 1, (3, 0): 1, (0, 3): 1}	{}	{}
O14628	30.744287	4	3	4	4	0	1	629	54.65013	0	{0: 2, 3: 4, 2: 2}	{(3, 0): 1, (0, 3): 1, (3, 2): 1, (2, 3): 1}	{}	{}
Q9H4Q3	30.66666	4	3	4	0	0	1	707	52.51473	0	{3: 4, 2: 2, 0: 2}	{(3, 0): 1, (3, 2): 1, (2, 3): 1, (0, 3): 1}	{}	{}
O15209	30.595757	4	3	4	2	0	1	634	51.36449	0	{2: 2, 0: 2, 3: 4}	{(3, 0): 1, (3, 2): 1, (2, 3): 1, (0, 3): 1}	{}	{}
Q96GC6	30.528198	4	3	4	4	0	1	653	60.19466	0	{3: 4, 2: 2, 0: 2}	{(3, 0): 1, (3, 2): 1, (0, 3): 1, (2, 3): 1}	{}	{}
Q6NUN9	30.505447	4	3	4	2	0	1	644	51.614693	0	{2: 2, 0: 2, 3: 4}	{(3, 2): 1, (0, 3): 1, (3, 0): 1, (2, 3): 1}	{}	{}
Q9Y5R2	30.49649	4	3	4	2	0	1	645	74.05043	0	{2: 2, 0: 2, 3: 4}	{(3, 0): 1, (3, 2): 1, (0, 3): 1, (2, 3): 1}	{}	{}
P10072	30.475412	4	3	4	4	0	1	659	66.58645	0	{3: 4, 2: 2, 0: 2}	{(3, 2): 1, (0, 3): 1, (3, 0): 1, (2, 3): 1}	{}	{}
Q9UDV7	30.371277	4	3	4	4	0	1	671	54.937027	0	{2: 2, 0: 2, 3: 4}	{(2, 3): 1, (0, 3): 1, (3, 0): 1, (3, 2): 1}	{}	{}
Q9UJW8	30.193438	4	3	4	4	0	1	692	60.92844	0	{0: 2, 2: 2, 3: 4}	{(3, 2): 1, (0, 3): 1, (3, 0): 1, (2, 3): 1}	{}	{}
Q9NQV8	30.115673	4	3	4	2	0	1	689	53.802216	0	{2: 2, 3: 4, 0: 2}	{(3, 2): 1, (3, 0): 1, (0, 3): 1, (2, 3): 1}	{}	{}
Q6NX49	30.004755	4	3	4	4	0	1	715	62.36108	0	{3: 4, 2: 2, 0: 2}	{(0, 3): 1, (3, 0): 1, (2, 3): 1, (3, 2): 1}	{}	{}
Q68CP9	29.8597	4	3	4	4	0	1	1835	51.05602	0	{0: 2, 1: 2, 3: 4}	{(1, 3): 1, (3, 1): 1, (3, 0): 1, (0, 3): 1}	{}	{}
P15822	29.725115	4	3	4	2	0	1	1400	42.918125	0	{2: 2, 0: 4, 3: 2}	{(0, 2): 1, (3, 0): 1, (0, 3): 1, (2, 0): 1}	{}	{}
Q9HC78	29.695793	4	3	4	2	0	1	741	47.50483	0	{0: 2, 3: 4, 2: 2}	{(2, 3): 1, (0, 3): 1, (3, 0): 1, (3, 2): 1}	{}	{}
Q09472	28.356874	3	3	3	3	0	1	2414	53.085564	0	{2: 2, 0: 1, 1: 3}	{(1, 0): 1, (2, 1): 1, (1, 2): 1}	{}	{}
Q8NEZ4	27.447582	3	3	3	3	0	1	1311	57.10314	0	{1: 1, 2: 2, 0: 3}	{(2, 0): 1, (1, 0): 1, (0, 2): 1}	{}	{}
Q92610	27.402964	4	3	4	2	0	1	1267	54.553967	0	{3: 4, 2: 2, 0: 2}	{(3, 0): 1, (0, 3): 1, (2, 3): 1, (3, 2): 1}	{}	{}
O14686	27.362587	3	3	3	3	0	1	1337	55.87021	0	{1: 1, 0: 3, 2: 2}	{(1, 0): 1, (2, 0): 1, (0, 2): 1}	{}	{}
P31629	26.811558	4	3	4	0	0	1	2446	36.06291	0	{3: 2, 0: 2, 2: 4}	{(2, 0): 1, (2, 3): 1, (0, 2): 1, (3, 2): 1}	{}	{}
Q96JG9	26.724083	4	3	4	0	0	1	1400	39.397976	0	{0: 2, 2: 2, 3: 4}	{(3, 0): 1, (0, 3): 1, (3, 2): 1, (2, 3): 1}	{}	{}
Q9BZS1	26.636673	3	3	3	3	0	1	431	56.53888	0	{3: 2, 1: 1, 0: 3}	{(0, 3): 1, (1, 0): 1, (3, 0): 1}	{}	{}
Q5T1R4	26.600275	4	3	4	2	0	1	2406	37.78521	0	{0: 4, 3: 2, 2: 2}	{(0, 2): 1, (3, 0): 1, (0, 3): 1, (2, 0): 1}	{}	{}
Q86UP3	26.127108	4	3	4	4	0	1	1400	53.9375	0	{2: 2, 0: 2, 3: 4}	{(3, 0): 1, (0, 3): 1, (3, 2): 1, (2, 3): 1}	{}	{}
O75592	26.127108	4	3	4	4	0	1	1400	72.02141	0	{3: 4, 2: 2, 0: 2}	{(3, 2): 1, (0, 3): 1, (2, 3): 1, (3, 0): 1}	{}	{}
P15822	26.02427	4	3	4	2	0	1	1400	41.635548	0	{0: 2, 3: 4, 2: 2}	{(0, 3): 1, (3, 2): 1, (2, 3): 1, (3, 0): 1}	{}	{}
Q9BZ95	21.42477	3	3	3	3	0	1	1437	61.86735	0	{1: 1, 0: 3, 3: 2}	{(0, 3): 1, (3, 0): 1, (1, 0): 1}	{}	{}
